reference_day,rank,ticker,company,market,signal_score,day_change_pct,market_median_change_pct,trading_value,avg_value_20,value_ratio_20,close_location_pct,lower_tail_recovery_pct,close_vs_open_pct,distance_from_60d_high_pct,entry_date,entry_price,target_price,stop_price,exit_price,exit_reason,gross_return_pct,net_return_pct,entry_gap_pct,note
2025-06-16,1,092790,넥스틸,KOSPI,72.51,7.53,0.74,21329667985,10312431694,2.07,93.4,7.83,6.22,-16.22,2025-06-17,15300.0,15575.4,15162.3,15162.3,stop_loss,-0.9,-1.5,-2.548,
2025-06-16,2,950160,코오롱티슈진,KOSDAQ,67.17,12.21,0.0,25348164725,12984688218,1.95,92.7,14.07,12.21,-30.27,2025-06-17,0.0,0.0,0.0,0.0,no_entry,0.0,1.209,0.0,gap_up_chase_block
2025-06-18,1,377300,카카오페이,KOSPI,67.91,5.01,0.0,111594481450,65927563776,1.69,97.7,7.61,5.56,-5.88,2025-06-19,0.0,0.0,0.0,0.0,no_entry,0.0,5.263,0.0,gap_up_chase_block
2025-06-19,1,464080,에스오에스랩,KOSDAQ,71.62,9.79,0.0,22947206830,10655489864,2.15,96.4,10.48,8.77,-5.27,2025-06-20,0.0,0.0,0.0,0.0,no_entry,0.0,2.71,0.0,gap_up_chase_block
2025-06-20,1,462860,더즌,KOSDAQ,68.55,7.21,0.19,95539197955,59243010686,1.61,98.5,13.79,7.76,-54.09,2025-06-23,5050.0,5140.9,5004.55,5004.55,ambiguous_stop_first,-0.9,-1.5,-4.356,
2025-06-24,1,348370,엔켐,KOSDAQ,74.9,12.68,1.17,30779430600,15299415455,2.01,94.6,9.31,8.93,-32.61,2025-06-25,0.0,0.0,0.0,0.0,no_entry,0.0,2.733,0.0,gap_up_chase_block
2025-07-02,1,011170,롯데케미칼,KOSPI,69.45,6.03,0.0,21371052700,11754651165,1.82,98.1,8.86,6.2,-6.47,2025-07-03,64500.0,65661.0,63919.5,65661.0,target_hit,1.8,1.2,-0.922,
2025-07-02,2,009830,한화솔루션,KOSPI,62.42,6.14,0.0,259012479825,137695037160,1.88,90.2,5.51,2.31,-13.01,2025-07-03,35100.0,35731.8,34784.1,34784.1,ambiguous_stop_first,-0.9,-1.5,-0.987,
2025-07-08,1,402340,SK스퀘어,KOSPI,65.62,6.73,0.67,210719707064,130504361011,1.61,90.4,6.4,6.4,-14.62,2025-07-09,171300.0,174383.4,169758.3,169758.3,ambiguous_stop_first,-0.9,-1.5,-0.925,
2025-07-10,1,180640,한진칼,KOSPI,70.74,6.12,0.43,22695007250,14101569127,1.61,100.0,6.12,6.12,-21.21,2025-07-11,127700.0,129998.6,126550.7,126550.7,stop_loss,-0.9,-1.5,-1.769,
2025-07-18,1,052400,코나아이,KOSDAQ,65.1,10.91,-0.22,55836819600,29660385300,1.88,92.3,13.38,10.71,-29.07,2025-07-21,0.0,0.0,0.0,0.0,no_entry,0.0,5.41,0.0,gap_up_chase_block
2025-07-25,1,329180,HD현대중공업,KOSPI,68.91,5.83,-0.13,168900143750,75267080292,2.24,91.9,6.85,5.46,-6.62,2025-07-28,0.0,0.0,0.0,0.0,no_entry,0.0,6.637,0.0,gap_up_chase_block
2025-07-25,2,443060,HD현대마린솔루션,KOSPI,68.89,6.64,-0.13,35473514450,20822776572,1.7,100.0,7.28,5.0,-8.56,2025-07-28,0.0,0.0,0.0,0.0,no_entry,0.0,2.785,0.0,gap_up_chase_block
2025-07-29,1,018290,브이티,KOSDAQ,67.09,8.7,0.0,25205431825,16090925536,1.57,98.4,8.85,8.7,-17.67,2025-07-30,37050.0,37716.9,36716.55,37716.9,target_hit,1.8,1.2,-1.2,
2025-07-31,1,003230,삼양식품,KOSPI,65.04,5.87,0.0,110743090500,64434655500,1.72,93.0,5.87,5.8,-6.06,2025-08-01,1420000.0,1445560.0,1407220.0,1407220.0,ambiguous_stop_first,-0.9,-1.5,-1.526,
2025-08-06,1,403870,HPSP,KOSDAQ,67.09,6.96,0.2,20768224975,10781658990,1.93,91.5,8.69,6.96,-13.23,2025-08-07,26750.0,27231.5,26509.25,26509.25,stop_loss,-0.9,-1.5,-0.558,
2025-08-08,1,001040,CJ,KOSPI,66.39,6.83,-0.08,56024341950,27036207615,2.07,90.4,6.62,6.28,-6.33,2025-08-11,165300.0,168275.4,163812.3,163812.3,stop_loss,-0.9,-1.5,-0.302,
2025-08-20,1,201490,미투온,KOSDAQ,63.91,10.99,-1.08,90115684460,53524417689,1.68,100.0,22.31,14.39,-22.82,2025-08-21,6290.0,6403.22,6233.39,6233.39,ambiguous_stop_first,-0.9,-1.5,-1.101,
2025-08-20,2,192820,코스맥스,KOSPI,62.5,5.33,-0.66,51915537750,32735355208,1.59,96.2,6.5,5.76,-28.4,2025-08-21,0.0,0.0,0.0,0.0,no_entry,0.0,1.946,0.0,gap_up_chase_block
2025-08-21,1,051600,한전KPS,KOSPI,72.3,7.69,0.17,33956037825,13665978223,2.48,91.1,8.47,7.14,-19.72,2025-08-22,0.0,0.0,0.0,0.0,no_entry,0.0,1.905,0.0,gap_up_chase_block
2025-08-21,2,018290,브이티,KOSDAQ,64.79,5.38,0.0,30206754150,16813560222,1.8,91.5,5.81,5.81,-14.05,2025-08-22,39000.0,39702.0,38649.0,38649.0,stop_loss,-0.9,-1.5,-0.383,
2025-08-25,1,241560,두산밥캣,KOSPI,76.78,5.93,0.39,28535965450,12767574022,2.24,100.0,5.15,4.95,-22.6,2025-08-26,56500.0,57517.0,55991.5,55991.5,stop_loss,-0.9,-1.5,-1.224,
2025-09-03,1,034230,파라다이스,KOSPI,68.42,8.37,0.14,47121176390,24276723904,1.94,93.8,7.65,7.65,-6.64,2025-09-04,21250.0,21632.5,21058.75,21058.75,ambiguous_stop_first,-0.9,-1.5,0.711,
2025-09-08,1,336570,원텍,KOSDAQ,71.35,10.93,0.14,29724629645,12794366401,2.32,92.4,10.93,10.82,-17.52,2025-09-09,10960.0,11157.28,10861.36,10861.36,stop_loss,-0.9,-1.5,-0.904,
2025-09-09,1,071050,한국금융지주,KOSPI,70.76,6.79,0.34,54817516490,26759707701,2.05,94.1,5.99,5.44,-13.72,2025-09-10,0.0,0.0,0.0,0.0,no_entry,0.0,1.979,0.0,gap_up_chase_block
2025-09-10,1,105560,KB금융,KOSPI,72.04,7.01,0.46,179558928350,86899276994,2.07,94.9,6.72,5.76,-7.11,2025-09-11,117000.0,119106.0,115947.0,115947.0,stop_loss,-0.9,-1.5,-0.51,
2025-09-15,1,101490,에스앤에스텍,KOSDAQ,65.4,7.57,0.0,19400022100,10984666430,1.77,92.9,7.78,5.06,-6.41,2025-09-16,54200.0,55175.6,53712.2,53712.2,stop_loss,-0.9,-1.5,0.37,
2025-09-16,1,079550,LIG넥스원,KOSPI,66.1,9.49,-0.3,167954939750,92996128387,1.81,95.6,8.62,8.51,-16.62,2025-09-17,535000.0,544630.0,530185.0,530185.0,stop_loss,-0.9,-1.5,-1.292,
2025-09-24,1,204620,글로벌텍스프리,KOSDAQ,62.75,7.3,-0.63,26035603470,14199804476,1.83,92.6,8.59,7.3,-19.28,2025-09-25,6260.0,6372.68,6203.66,6203.66,ambiguous_stop_first,-0.9,-1.5,-0.949,
2025-10-01,1,023160,태광,KOSDAQ,69.21,7.95,0.0,24307690300,11062087786,2.2,92.1,6.7,6.1,-13.78,2025-10-02,27850.0,28351.3,27599.35,27599.35,stop_loss,-0.9,-1.5,0.0,
2025-10-01,2,071970,HD현대마린엔진,KOSPI,62.6,6.63,0.0,41352545250,27149958935,1.52,92.3,7.28,5.87,-8.11,2025-10-02,87800.0,89380.4,87009.8,87009.8,ambiguous_stop_first,-0.9,-1.5,-0.679,
2025-10-10,1,083650,비에이치아이,KOSDAQ,67.16,12.27,-0.4,111800956425,52971326531,2.11,93.3,11.57,10.66,-9.09,2025-10-13,53500.0,54463.0,53018.5,53018.5,ambiguous_stop_first,-0.9,-1.5,-0.926,
2025-10-14,1,247540,에코프로비엠,KOSDAQ,72.52,5.01,-0.71,109173593400,44437573910,2.46,98.5,5.64,4.56,-12.89,2025-10-15,0.0,0.0,0.0,0.0,no_entry,0.0,1.374,0.0,gap_up_chase_block
2025-10-15,1,062040,산일전기,KOSPI,74.81,11.1,1.14,132900887150,70853489510,1.88,96.8,11.0,9.1,-8.12,2025-10-16,121000.0,123178.0,119911.0,119911.0,ambiguous_stop_first,-0.9,-1.5,-0.083,
2025-10-15,2,071050,한국금융지주,KOSPI,72.7,6.69,1.14,62929759000,39506377910,1.59,97.8,6.54,6.16,-9.19,2025-10-16,0.0,0.0,0.0,0.0,no_entry,0.0,3.372,0.0,gap_up_chase_block
2025-10-20,1,025980,아난티,KOSDAQ,56.87,6.63,0.25,25787556850,11076666375,2.33,91.2,3.26,0.2,-10.41,2025-10-21,9750.0,9925.5,9662.25,9925.5,target_hit,1.8,1.2,-0.612,
2025-10-22,1,000880,한화,KOSPI,75.62,5.84,0.6,42977211700,20476594985,2.1,98.7,8.59,4.68,-6.06,2025-10-23,94100.0,95793.8,93253.1,93253.1,ambiguous_stop_first,-0.9,-1.5,-2.081,
2025-10-23,1,353200,대덕전자,KOSPI,68.25,11.62,-0.51,107240023800,56356799277,1.9,98.9,14.73,13.43,-6.78,2025-10-24,35050.0,35680.9,34734.55,34734.55,ambiguous_stop_first,-0.9,-1.5,0.0,
2025-10-23,2,356860,티엘비,KOSDAQ,61.77,9.31,-0.62,53775438700,34830907698,1.54,95.4,13.11,11.01,-5.67,2025-10-24,71600.0,72888.8,70955.6,70955.6,stop_loss,-0.9,-1.5,0.0,
2025-10-27,1,298380,에이비엘바이오,KOSDAQ,70.56,11.32,0.0,122157201200,57023649850,2.14,94.9,11.06,9.01,-15.94,2025-10-28,0.0,0.0,0.0,0.0,no_entry,0.0,2.436,0.0,gap_up_chase_block
2025-10-27,2,196170,알테오젠,KOSDAQ,68.42,8.41,0.0,358670021750,174825079075,2.05,93.1,9.14,7.92,-8.6,2025-10-28,484000.0,492712.0,479644.0,479644.0,stop_loss,-0.9,-1.5,0.103,
2025-10-30,1,003230,삼양식품,KOSPI,65.24,6.27,-0.94,158880601500,71703892150,2.22,92.9,7.48,6.79,-20.6,2025-10-31,0.0,0.0,0.0,0.0,no_entry,0.0,4.236,0.0,gap_up_chase_block
2025-10-31,1,397030,에이프릴바이오,KOSDAQ,63.06,8.52,0.0,49618214050,30428653333,1.63,91.4,8.7,7.12,-9.93,2025-11-03,0.0,0.0,0.0,0.0,no_entry,0.0,1.057,0.0,gap_up_chase_block
2025-11-03,1,047810,한국항공우주,KOSPI,65.59,5.32,-0.75,106999272150,63546376515,1.68,100.0,5.12,5.12,-8.33,2025-11-04,108800.0,110758.4,107820.8,107820.8,stop_loss,-0.9,-1.5,-0.092,
2025-11-03,2,402340,SK스퀘어,KOSPI,60.0,8.65,-0.75,256596074910,151979178933,1.69,91.5,13.0,8.86,-5.04,2025-11-04,278500.0,283513.0,275993.5,275993.5,stop_loss,-0.9,-1.5,-1.416,
2025-11-10,1,004800,효성,KOSPI,70.52,8.81,1.95,15936094100,10320150532,1.54,92.6,8.41,8.33,-11.54,2025-11-11,0.0,0.0,0.0,0.0,no_entry,0.0,8.922,0.0,gap_up_chase_block
2025-11-13,1,003230,삼양식품,KOSPI,65.38,7.97,0.0,129165995000,78957845450,1.64,94.8,8.66,7.97,-17.84,2025-11-14,1353000.0,1377354.0,1340823.0,1340823.0,ambiguous_stop_first,-0.9,-1.5,-1.096,
2025-11-20,1,126340,비나텍,KOSDAQ,70.65,12.23,1.27,18499120450,10660370841,1.74,91.7,8.38,7.97,-11.23,2025-11-21,0.0,0.0,0.0,0.0,no_entry,0.0,-5.097,0.0,gap_down_risk_block
2025-11-24,1,180640,한진칼,KOSPI,69.61,10.67,-0.41,22370316800,11672725180,1.92,100.0,9.34,9.34,-9.78,2025-11-25,108000.0,109944.0,107028.0,107028.0,stop_loss,-0.9,-1.5,-0.826,
2025-11-27,1,160190,하이젠알앤엠,KOSDAQ,71.69,12.74,0.0,32500291300,14611404868,2.22,95.4,13.34,11.79,-24.14,2025-11-28,53300.0,54259.4,52820.3,52820.3,ambiguous_stop_first,-0.9,-1.5,0.377,
2025-12-08,1,003670,포스코퓨처엠,KOSPI,69.46,7.04,-0.34,123084193000,58487100685,2.1,96.4,6.52,5.76,-15.19,2025-12-09,218000.0,221924.0,216038.0,221924.0,target_hit,1.8,1.2,-1.134,
2025-12-08,2,066970,엘앤에프,KOSPI,68.27,6.97,-0.34,161059604900,70342814057,2.29,91.9,6.37,5.6,-11.41,2025-12-09,129000.0,131322.0,127839.0,127839.0,ambiguous_stop_first,-0.9,-1.5,-2.273,
2025-12-09,1,124500,아이티센글로벌,KOSDAQ,66.67,9.73,-0.16,19012498305,10114920694,1.88,94.3,12.59,9.18,-8.52,2025-12-10,0.0,0.0,0.0,0.0,no_entry,0.0,3.182,0.0,gap_up_chase_block
2025-12-09,2,100090,SK오션플랜트,KOSPI,66.16,5.1,0.0,22720558595,11871300693,1.91,91.8,7.6,4.81,-39.81,2025-12-10,18970.0,19311.46,18799.27,18799.27,ambiguous_stop_first,-0.9,-1.5,0.053,
2025-12-10,1,042520,한스바이오메드,KOSDAQ,63.89,13.37,-0.24,26711999125,16698807001,1.6,94.9,16.61,12.01,-14.08,2025-12-11,32700.0,33288.6,32405.7,32405.7,ambiguous_stop_first,-0.9,-1.5,0.153,
2025-12-12,1,100090,SK오션플랜트,KOSPI,78.13,6.69,0.74,27834496605,12087001374,2.3,98.3,6.23,5.5,-36.7,2025-12-15,19800.0,20156.4,19621.8,19621.8,ambiguous_stop_first,-0.9,-1.5,-0.702,
2025-12-12,2,001440,대한전선,KOSPI,74.85,7.62,0.74,134671923325,72311008807,1.86,100.0,8.11,7.38,-16.23,2025-12-15,23550.0,23973.9,23338.05,23338.05,ambiguous_stop_first,-0.9,-1.5,-1.875,
2025-12-15,1,049630,재영솔루텍,KOSDAQ,64.98,11.54,-0.17,90525713090,45867078650,1.97,90.4,18.25,15.34,-10.57,2025-12-16,0.0,0.0,0.0,0.0,no_entry,0.0,2.299,0.0,gap_up_chase_block
2025-12-17,1,041510,에스엠,KOSDAQ,70.66,5.82,0.0,31425320800,12801555916,2.45,90.4,5.91,4.97,-22.75,2025-12-18,117900.0,120022.2,116838.9,116838.9,ambiguous_stop_first,-0.9,-1.5,-0.254,
2025-12-19,1,010140,삼성중공업,KOSPI,70.43,6.72,0.48,126389108950,81384798950,1.55,100.0,5.39,5.18,-21.85,2025-12-22,0.0,0.0,0.0,0.0,no_entry,0.0,1.181,0.0,gap_up_chase_block
2025-12-23,1,352820,하이브,KOSPI,62.02,5.02,-0.6,120885350500,65674799362,1.84,91.2,5.02,4.17,-7.55,2025-12-24,321000.0,326778.0,318111.0,323000.0,time_exit,0.623,0.023,-1.079,
2025-12-26,1,298380,에이비엘바이오,KOSDAQ,66.72,6.13,-0.25,327257805600,205681830287,1.59,99.3,8.15,5.85,-9.55,2025-12-29,0.0,0.0,0.0,0.0,no_entry,0.0,2.01,0.0,gap_up_chase_block
2025-12-29,1,035720,카카오,KOSPI,71.11,5.34,-0.54,221563281150,103957845320,2.13,100.0,6.25,6.25,-12.2,2025-12-30,60900.0,61996.2,60351.9,60351.9,stop_loss,-0.9,-1.5,-0.49,
2025-12-29,2,028300,HLB,KOSDAQ,67.39,6.51,0.0,33384442875,18634555339,1.79,95.5,6.86,5.94,-16.44,2025-12-30,48250.0,49118.5,47815.75,49118.5,target_hit,1.8,1.2,-1.631,
2025-12-30,1,006280,녹십자,KOSPI,64.7,6.5,-0.26,21510716300,12174035890,1.77,93.8,8.16,6.28,-7.23,2026-01-02,159200.0,162065.6,157767.2,157767.2,ambiguous_stop_first,-0.9,-1.5,0.126,
2026-01-02,1,058470,리노공업,KOSDAQ,73.94,7.63,0.8,47402257500,25168797189,1.88,97.9,7.81,7.63,-7.68,2026-01-05,0.0,0.0,0.0,0.0,no_entry,0.0,3.236,0.0,gap_up_chase_block
2026-01-02,2,005290,동진쎄미켐,KOSDAQ,72.57,8.19,0.8,38746998525,22554600737,1.72,98.3,8.04,7.74,-16.08,2026-01-05,0.0,0.0,0.0,0.0,no_entry,0.0,3.909,0.0,gap_up_chase_block
2026-01-05,1,417200,LS머트리얼즈,KOSDAQ,71.5,9.98,0.0,21937595440,10019854786,2.19,95.7,6.89,5.89,-13.54,2026-01-06,13500.0,13743.0,13378.5,13378.5,stop_loss,-0.9,-1.5,-1.171,
2026-01-05,2,001440,대한전선,KOSPI,70.81,7.98,0.0,149785200150,64248127286,2.33,92.5,7.76,6.42,-10.3,2026-01-06,0.0,0.0,0.0,0.0,no_entry,0.0,4.864,0.0,gap_up_chase_block
2026-01-06,1,079550,LIG넥스원,KOSPI,74.18,5.66,-0.09,113218910500,51159105029,2.21,100.0,7.49,6.0,-7.82,2026-01-07,490500.0,499329.0,486085.5,499329.0,target_hit,1.8,1.2,-0.909,
2026-01-06,2,329180,HD현대중공업,KOSPI,71.63,7.21,-0.09,218366270000,111530461112,1.96,100.0,5.97,5.57,-14.06,2026-01-07,545000.0,554810.0,540095.0,554810.0,target_hit,1.8,1.2,-0.909,
2026-01-09,1,009540,HD한국조선해양,KOSPI,78.83,5.3,0.27,187540580500,75072108800,2.5,100.0,5.8,4.81,-9.61,2026-01-12,445000.0,453010.0,440995.0,440995.0,stop_loss,-0.9,-1.5,-0.447,
2026-01-09,2,310210,보로노이,KOSDAQ,69.6,13.55,0.13,65362277250,33398948899,1.96,95.3,15.25,13.55,-9.78,2026-01-12,225500.0,229559.0,223470.5,223470.5,stop_loss,-0.9,-1.5,-2.169,
2026-01-13,1,064350,현대로템,KOSPI,73.43,6.42,0.0,241886392000,115564934812,2.09,100.0,7.91,4.5,-7.01,2026-01-14,229000.0,233122.0,226939.0,226939.0,stop_loss,-0.9,-1.5,-1.293,
2026-01-13,2,051910,LG화학,KOSPI,70.34,6.53,0.0,154124557500,80377594052,1.92,98.0,7.7,6.04,-20.07,2026-01-14,340500.0,346629.0,337435.5,337435.5,stop_loss,-0.9,-1.5,-0.584,
2026-01-15,1,010060,OCI홀딩스,KOSPI,69.8,6.92,0.11,29156204200,17403338952,1.68,100.0,8.68,6.82,-9.71,2026-01-16,0.0,0.0,0.0,0.0,no_entry,0.0,1.597,0.0,gap_up_chase_block
2026-01-15,2,097230,HJ중공업,KOSPI,69.69,8.45,0.11,76528589350,37625767875,2.03,94.4,6.73,6.73,-18.58,2026-01-16,27000.0,27486.0,26757.0,26757.0,ambiguous_stop_first,-0.9,-1.5,0.186,
2026-01-16,1,010130,고려아연,KOSPI,64.68,10.22,-0.18,224045481500,119444404600,1.88,91.5,8.86,5.6,-17.19,2026-01-19,0.0,0.0,0.0,0.0,no_entry,0.0,3.281,0.0,gap_up_chase_block
2026-01-19,1,323280,태성,KOSDAQ,69.22,9.81,0.0,35526160325,21245641065,1.67,100.0,4.87,4.23,-24.39,2026-01-20,0.0,0.0,0.0,0.0,no_entry,0.0,4.64,0.0,gap_up_chase_block
2026-01-19,2,099440,스맥,KOSDAQ,67.43,11.88,0.0,41205576120,19702153297,2.09,91.0,11.7,9.89,-18.71,2026-01-20,0.0,0.0,0.0,0.0,no_entry,0.0,3.54,0.0,gap_up_chase_block
2026-01-22,1,373220,LG에너지솔루션,KOSPI,73.97,5.7,0.34,280920608500,123560709300,2.27,95.6,5.44,4.91,-20.87,2026-01-23,0.0,0.0,0.0,0.0,no_entry,0.0,2.518,0.0,gap_up_chase_block
2026-01-22,2,011170,롯데케미칼,KOSPI,67.48,5.34,0.34,18082656050,10204518382,1.77,93.3,5.77,5.19,-13.68,2026-01-23,0.0,0.0,0.0,0.0,no_entry,0.0,1.429,0.0,gap_up_chase_block
2026-01-23,1,950160,코오롱티슈진,KOSDAQ,73.67,6.81,0.75,66041334700,30300154157,2.18,93.4,7.36,4.14,-6.31,2026-01-26,83900.0,85410.2,83144.9,85410.2,target_hit,1.8,1.2,0.963,
2026-01-23,2,141080,리가켐바이오,KOSDAQ,72.72,12.32,0.75,126931709950,67997485367,1.87,96.7,11.87,11.87,-18.48,2026-01-26,0.0,0.0,0.0,0.0,no_entry,0.0,1.447,0.0,gap_up_chase_block
2026-01-26,1,095610,테스,KOSDAQ,78.34,13.63,1.38,51052165925,22125049927,2.31,93.8,12.56,11.98,-11.0,2026-01-27,53100.0,54055.8,52622.1,52622.1,ambiguous_stop_first,-0.9,-1.5,-2.03,
2026-01-26,2,358570,지아이이노베이션,KOSDAQ,76.9,9.17,1.38,21118269425,11467595442,1.84,98.6,9.93,9.55,-24.44,2026-01-27,15450.0,15728.1,15310.95,15728.1,target_hit,1.8,1.2,-2.401,
2026-01-27,1,084370,유진테크,KOSDAQ,72.11,9.81,0.06,51732947900,26785892107,1.93,100.0,11.95,9.94,-15.78,2026-01-28,0.0,0.0,0.0,0.0,no_entry,0.0,3.377,0.0,gap_up_chase_block
2026-01-27,2,388210,씨엠티엑스,KOSDAQ,71.25,10.82,0.06,54722285150,28915310147,1.89,99.3,12.64,11.92,-19.55,2026-01-28,0.0,0.0,0.0,0.0,no_entry,0.0,3.955,0.0,gap_up_chase_block
2026-01-28,1,087010,펩트론,KOSDAQ,75.51,10.28,0.12,171753778500,69740663462,2.46,96.7,10.09,8.39,-19.36,2026-01-29,0.0,0.0,0.0,0.0,no_entry,0.0,1.738,0.0,gap_up_chase_block
2026-01-28,2,039200,오스코텍,KOSDAQ,65.28,6.19,0.12,34096677950,20779123436,1.64,93.7,5.98,5.66,-20.76,2026-01-29,0.0,0.0,0.0,0.0,no_entry,0.0,1.147,0.0,gap_up_chase_block
2026-01-29,1,087010,펩트론,KOSDAQ,75.39,5.69,0.24,168927989500,73883345550,2.29,98.2,9.14,3.88,-14.78,2026-01-30,337500.0,343575.0,334462.5,334462.5,stop_loss,-0.9,-1.5,0.897,
2026-01-29,2,039200,오스코텍,KOSDAQ,74.68,6.31,0.24,49183763350,21323445540,2.31,96.9,5.9,5.1,-15.76,2026-01-30,0.0,0.0,0.0,0.0,no_entry,0.0,1.439,0.0,gap_up_chase_block
2026-02-03,1,033100,제룡전기,KOSDAQ,75.03,9.16,1.94,23035699450,15324617610,1.5,100.0,7.32,5.07,-6.57,2026-02-04,47600.0,48456.8,47171.6,47171.6,ambiguous_stop_first,-0.9,-1.5,-0.105,
2026-02-03,2,062040,산일전기,KOSPI,69.5,8.81,2.25,64234540600,41270571775,1.56,90.9,5.71,5.48,-17.16,2026-02-04,146300.0,148933.4,144983.3,148933.4,target_hit,1.8,1.2,-1.282,
2026-02-19,1,041190,우리기술투자,KOSDAQ,69.75,5.32,0.8,21819029010,12872210863,1.7,95.0,4.79,3.35,-11.49,2026-02-20,8370.0,8520.66,8294.67,8294.67,ambiguous_stop_first,-0.9,-1.5,0.601,
2026-02-20,1,012510,더존비즈온,KOSPI,69.64,5.38,0.35,43987512102,25432254305,1.73,97.1,7.62,5.15,-5.51,2026-02-23,0.0,0.0,0.0,0.0,no_entry,0.0,23.854,0.0,gap_up_chase_block
2026-02-24,1,079550,LIG넥스원,KOSPI,65.4,6.44,0.0,144714165000,74583571200,1.94,90.2,7.64,5.25,-9.86,2026-02-25,517000.0,526306.0,512347.0,512347.0,stop_loss,-0.9,-1.5,-0.768,
2026-02-25,1,437730,삼현,KOSDAQ,63.44,8.1,-0.37,45421180750,27184646867,1.67,94.1,9.13,3.8,-25.36,2026-02-26,0.0,0.0,0.0,0.0,no_entry,0.0,4.878,0.0,gap_up_chase_block
2026-02-26,1,161580,필옵틱스,KOSDAQ,55.56,9.2,-1.36,54169098250,34872145852,1.55,91.5,8.55,8.12,-9.45,2026-02-27,53000.0,53954.0,52523.0,52523.0,ambiguous_stop_first,-0.9,-1.5,-2.93,
2026-03-05,1,251270,넷마블,KOSPI,65.5,6.01,6.21,27749736925,16834612133,1.65,91.5,5.9,0.83,-17.66,2026-03-06,0.0,0.0,0.0,0.0,no_entry,0.0,4.948,0.0,gap_up_chase_block
2026-03-06,1,222800,심텍,KOSDAQ,74.84,14.0,1.06,81537677850,37948103255,2.15,93.3,14.0,14.0,-13.24,2026-03-09,0.0,0.0,0.0,0.0,no_entry,0.0,-6.316,0.0,gap_down_risk_block
2026-03-06,2,047050,포스코인터내셔널,KOSPI,72.79,11.06,0.3,121703961300,64776302355,1.88,100.0,7.95,4.56,-6.74,2026-03-09,0.0,0.0,0.0,0.0,no_entry,0.0,9.141,0.0,gap_up_chase_block
2026-03-12,1,085660,차바이오텍,KOSDAQ,72.88,9.07,0.3,31722315230,14498701850,2.19,95.5,9.37,9.13,-17.12,2026-03-13,19250.0,19596.5,19076.75,19076.75,ambiguous_stop_first,-0.9,-1.5,-3.023,
2026-03-16,1,222800,심텍,KOSDAQ,60.35,7.9,-0.76,53588866300,32126058600,1.67,92.5,9.59,8.74,-14.76,2026-03-17,0.0,0.0,0.0,0.0,no_entry,0.0,4.821,0.0,gap_up_chase_block
2026-03-18,1,007660,이수페타시스,KOSPI,65.49,9.45,0.54,244800942200,160740274142,1.52,92.6,6.38,5.84,-7.4,2026-03-19,120300.0,122465.4,119217.3,122465.4,target_hit,1.8,1.2,-3.837,
2026-03-20,1,097950,CJ제일제당,KOSPI,79.56,6.0,1.85,26795691250,13699097652,1.96,100.0,6.0,5.74,-9.79,2026-03-23,206000.0,209708.0,204146.0,209708.0,target_hit,1.8,1.2,-2.83,
2026-03-24,1,373220,LG에너지솔루션,KOSPI,73.92,10.25,1.1,251899280750,158237509350,1.59,100.0,6.66,5.65,-13.74,2026-03-25,392000.0,399056.0,388472.0,388472.0,ambiguous_stop_first,-0.9,-1.5,-0.127,
2026-03-24,2,097950,CJ제일제당,KOSPI,71.07,5.07,1.1,26758172250,14430543202,1.85,100.0,4.07,2.59,-7.45,2026-03-25,218000.0,221924.0,216038.0,221924.0,target_hit,1.8,1.2,0.23,
2026-03-25,1,067310,하나마이크론,KOSDAQ,69.28,10.87,1.47,108270378575,69454990555,1.56,90.8,8.87,6.78,-8.35,2026-03-26,35200.0,35833.6,34883.2,34883.2,ambiguous_stop_first,-0.9,-1.5,-2.762,
2026-03-27,1,011070,LG이노텍,KOSPI,65.57,5.78,0.0,145694933500,80063844187,1.82,92.3,8.09,7.55,-9.34,2026-03-30,0.0,0.0,0.0,0.0,no_entry,0.0,-5.148,0.0,gap_down_risk_block
2026-03-27,2,090430,아모레퍼시픽,KOSPI,64.01,6.18,0.0,49882341950,31483055905,1.58,93.5,8.65,7.44,-14.56,2026-03-30,138600.0,141094.8,137352.6,141094.8,target_hit,1.8,1.2,-4.017,
2026-04-06,1,388050,지투파워,KOSDAQ,61.78,5.59,-0.53,45922483545,25822880433,1.78,91.2,11.37,5.09,-5.16,2026-04-07,13220.0,13457.96,13101.02,13101.02,ambiguous_stop_first,-0.9,-1.5,0.0,
2026-04-08,1,001440,대한전선,KOSPI,77.48,11.55,2.48,146973052525,70339821032,2.09,94.9,6.26,5.9,-15.93,2026-04-09,30950.0,31507.1,30671.45,30671.45,stop_loss,-0.9,-1.5,-1.433,
2026-04-08,2,080220,제주반도체,KOSDAQ,77.31,13.46,2.72,96492162225,55739321226,1.73,100.0,6.57,4.75,-21.1,2026-04-09,42000.0,42756.0,41622.0,41622.0,stop_loss,-0.9,-1.5,-2.326,
2026-04-09,1,036570,엔씨소프트,KOSPI,71.68,7.34,-0.24,52188553000,21571547512,2.42,94.3,7.59,7.59,-9.48,2026-04-10,231000.0,235158.0,228921.0,235158.0,target_hit,1.8,1.2,-1.282,
2026-04-13,1,071970,HD현대마린엔진,KOSPI,67.48,5.35,-0.29,32119472800,14249352137,2.25,90.8,8.88,8.46,-19.43,2026-04-14,0.0,0.0,0.0,0.0,no_entry,0.0,1.537,0.0,gap_up_chase_block
2026-04-15,1,048410,현대바이오,KOSDAQ,65.7,8.45,0.75,38773962380,24253410380,1.6,90.2,10.72,8.53,-33.72,2026-04-16,14310.0,14567.58,14181.21,14181.21,ambiguous_stop_first,-0.9,-1.5,0.421,
2026-04-15,2,017800,현대엘리베이터,KOSPI,60.37,5.51,0.41,39533765600,22516235522,1.76,91.9,3.53,3.53,-12.17,2026-04-16,99800.0,101596.4,98901.8,98901.8,stop_loss,-0.9,-1.5,0.201,
2026-04-16,1,388210,씨엠티엑스,KOSDAQ,72.26,12.52,0.79,31145079900,17142035685,1.82,96.5,14.38,11.45,-10.8,2026-04-17,150600.0,153310.8,149244.6,153310.8,target_hit,1.8,1.2,-0.856,
2026-04-21,1,329180,HD현대중공업,KOSPI,71.64,9.92,0.0,427880990740,195738309437,2.19,95.9,8.88,8.27,-9.86,2026-04-22,577000.0,587386.0,571807.0,571807.0,ambiguous_stop_first,-0.9,-1.5,0.174,
2026-04-21,2,247540,에코프로비엠,KOSDAQ,70.74,5.0,-0.23,209036356250,95975020290,2.18,100.0,4.5,3.04,-15.19,2026-04-22,222500.0,226505.0,220497.5,220497.5,stop_loss,-0.9,-1.5,0.907,
2026-04-22,1,439260,대한조선,KOSPI,74.77,5.89,0.0,30896478350,13875018580,2.23,100.0,5.89,5.54,-13.13,2026-04-23,0.0,0.0,0.0,0.0,no_entry,0.0,1.364,0.0,gap_up_chase_block
2026-04-22,2,078350,한양디지텍,KOSDAQ,71.0,12.31,0.0,27186827000,12429754323,2.19,94.9,14.73,12.96,-17.75,2026-04-23,0.0,0.0,0.0,0.0,no_entry,0.0,2.74,0.0,gap_up_chase_block
2026-04-23,1,044490,태웅,KOSDAQ,70.73,12.77,-0.53,46373569250,22209280986,2.09,100.0,9.73,6.64,-9.86,2026-04-24,52700.0,53648.6,52225.7,52225.7,ambiguous_stop_first,-0.9,-1.5,-0.566,
2026-04-23,2,078350,한양디지텍,KOSDAQ,68.25,10.96,-0.53,30586167475,12465747898,2.45,90.8,11.92,8.0,-8.73,2026-04-24,31750.0,32321.5,31464.25,31464.25,ambiguous_stop_first,-0.9,-1.5,-2.006,
2026-04-27,1,491000,리브스메드,KOSDAQ,66.51,11.31,0.07,43763035950,26566247152,1.65,95.8,11.13,10.59,-29.2,2026-04-28,68300.0,69529.4,67685.3,67685.3,ambiguous_stop_first,-0.9,-1.5,0.589,
2026-04-29,1,456160,지투지바이오,KOSDAQ,64.0,7.47,0.0,33854196200,19471234927,1.74,91.2,7.88,5.6,-31.53,2026-04-30,84400.0,85919.2,83640.4,83640.4,ambiguous_stop_first,-0.9,-1.5,-0.589,
2026-05-04,1,028260,삼성물산,KOSPI,63.91,7.2,-0.07,200101110500,112313022357,1.78,90.9,4.92,4.75,-12.09,2026-05-06,0.0,0.0,0.0,0.0,no_entry,0.0,8.75,0.0,gap_up_chase_block
