reference_day,entry_date,rank,ticker,company,market,signal_score,day_change_pct,market_median_change_pct,value_ratio_20,close_location_pct,lower_tail_recovery_pct,close_vs_open_pct,distance_from_60d_high_pct,entry_gap_pct,backfill_status,backfill_rows,date,signal_time,entry_time,entry_price,target_price,stop_price,exit_time,exit_price,exit_reason,gross_return_pct,net_return_pct,opening_high,opening_low,entry_vwap,note,source_path
2025-06-16,2025-06-17,1,092790,넥스틸,KOSPI,72.51,7.53,0.74,2.07,93.4,7.83,6.22,-16.22,-2.548,skipped_existing,381,20250617,,,0.0,0.0,0.0,,0.0,no_signal,0.0,0.0,15300.0,14640.0,0.0,opening_range_too_wide,D:\Users\PC2310\Desktop\multi AI agent\programs\kr_daypilot\data\historical_intraday\minute_bars\20250617\092790.csv
2025-06-16,2025-06-17,2,950160,코오롱티슈진,KOSDAQ,67.17,12.21,0.0,1.95,92.7,14.07,12.21,-30.27,0.0,skipped_existing,380,20250617,,,0.0,0.0,0.0,,0.0,no_signal,0.0,0.0,42550.0,41350.0,0.0,no_vwap_reclaim_signal,D:\Users\PC2310\Desktop\multi AI agent\programs\kr_daypilot\data\historical_intraday\minute_bars\20250617\950160.csv
2025-06-18,2025-06-19,1,377300,카카오페이,KOSPI,67.91,5.01,0.0,1.69,97.7,7.61,5.56,-5.88,0.0,skipped_existing,381,20250619,,,0.0,0.0,0.0,,0.0,no_signal,0.0,0.0,66200.0,62600.0,0.0,opening_range_too_wide,D:\Users\PC2310\Desktop\multi AI agent\programs\kr_daypilot\data\historical_intraday\minute_bars\20250619\377300.csv
2025-06-19,2025-06-20,1,464080,에스오에스랩,KOSDAQ,71.62,9.79,0.0,2.15,96.4,10.48,8.77,-5.27,0.0,skipped_existing,381,20250620,,,0.0,0.0,0.0,,0.0,no_signal,0.0,0.0,14470.0,13950.0,0.0,opening_range_too_wide,D:\Users\PC2310\Desktop\multi AI agent\programs\kr_daypilot\data\historical_intraday\minute_bars\20250620\464080.csv
2025-06-20,2025-06-23,1,462860,더즌,KOSDAQ,68.55,7.21,0.19,1.61,98.5,13.79,7.76,-54.09,-4.356,skipped_existing,381,20250623,,,0.0,0.0,0.0,,0.0,no_signal,0.0,0.0,5380.0,4975.0,0.0,opening_range_too_wide,D:\Users\PC2310\Desktop\multi AI agent\programs\kr_daypilot\data\historical_intraday\minute_bars\20250623\462860.csv
2025-06-24,2025-06-25,1,348370,엔켐,KOSDAQ,74.9,12.68,1.17,2.01,94.6,9.31,8.93,-32.61,0.0,skipped_existing,375,20250625,,,0.0,0.0,0.0,,0.0,no_signal,0.0,0.0,64000.0,60700.0,0.0,opening_range_too_wide,D:\Users\PC2310\Desktop\multi AI agent\programs\kr_daypilot\data\historical_intraday\minute_bars\20250625\348370.csv
2025-07-02,2025-07-03,1,011170,롯데케미칼,KOSPI,69.45,6.03,0.0,1.82,98.1,8.86,6.2,-6.47,-0.922,skipped_existing,381,20250703,,,0.0,0.0,0.0,,0.0,no_signal,0.0,0.0,65000.0,64100.0,0.0,no_vwap_reclaim_signal,D:\Users\PC2310\Desktop\multi AI agent\programs\kr_daypilot\data\historical_intraday\minute_bars\20250703\011170.csv
2025-07-02,2025-07-03,2,009830,한화솔루션,KOSPI,62.42,6.14,0.0,1.88,90.2,5.51,2.31,-13.01,-0.987,skipped_existing,381,20250703,,,0.0,0.0,0.0,,0.0,no_signal,0.0,0.0,35350.0,34750.0,0.0,no_vwap_reclaim_signal,D:\Users\PC2310\Desktop\multi AI agent\programs\kr_daypilot\data\historical_intraday\minute_bars\20250703\009830.csv
2025-07-08,2025-07-09,1,402340,SK스퀘어,KOSPI,65.62,6.73,0.67,1.61,90.4,6.4,6.4,-14.62,-0.925,skipped_existing,381,20250709,,,0.0,0.0,0.0,,0.0,no_signal,0.0,0.0,174400.0,169100.0,0.0,no_vwap_reclaim_signal,D:\Users\PC2310\Desktop\multi AI agent\programs\kr_daypilot\data\historical_intraday\minute_bars\20250709\402340.csv
2025-07-10,2025-07-11,1,180640,한진칼,KOSPI,70.74,6.12,0.43,1.61,100.0,6.12,6.12,-21.21,-1.769,skipped_existing,381,20250711,,,0.0,0.0,0.0,,0.0,no_signal,0.0,0.0,127700.0,121400.0,0.0,opening_range_too_wide,D:\Users\PC2310\Desktop\multi AI agent\programs\kr_daypilot\data\historical_intraday\minute_bars\20250711\180640.csv
2025-07-18,2025-07-21,1,052400,코나아이,KOSDAQ,65.1,10.91,-0.22,1.88,92.3,13.38,10.71,-29.07,0.0,skipped_existing,380,20250721,,,0.0,0.0,0.0,,0.0,no_signal,0.0,0.0,64700.0,61000.0,0.0,opening_range_too_wide,D:\Users\PC2310\Desktop\multi AI agent\programs\kr_daypilot\data\historical_intraday\minute_bars\20250721\052400.csv
2025-07-25,2025-07-28,1,329180,HD현대중공업,KOSPI,68.91,5.83,-0.13,2.24,91.9,6.85,5.46,-6.62,0.0,skipped_existing,381,20250728,,,0.0,0.0,0.0,,0.0,no_signal,0.0,0.0,486000.0,468000.0,0.0,opening_range_too_wide,D:\Users\PC2310\Desktop\multi AI agent\programs\kr_daypilot\data\historical_intraday\minute_bars\20250728\329180.csv
2025-07-25,2025-07-28,2,443060,HD현대마린솔루션,KOSPI,68.89,6.64,-0.13,1.7,100.0,7.28,5.0,-8.56,0.0,skipped_existing,381,20250728,,,0.0,0.0,0.0,,0.0,no_signal,0.0,0.0,203500.0,195100.0,0.0,opening_range_too_wide,D:\Users\PC2310\Desktop\multi AI agent\programs\kr_daypilot\data\historical_intraday\minute_bars\20250728\443060.csv
2025-07-29,2025-07-30,1,018290,브이티,KOSDAQ,67.09,8.7,0.0,1.57,98.4,8.85,8.7,-17.67,-1.2,skipped_existing,381,20250730,,,0.0,0.0,0.0,,0.0,no_signal,0.0,0.0,37700.0,37050.0,0.0,no_vwap_reclaim_signal,D:\Users\PC2310\Desktop\multi AI agent\programs\kr_daypilot\data\historical_intraday\minute_bars\20250730\018290.csv
2025-07-31,2025-08-01,1,003230,삼양식품,KOSPI,65.04,5.87,0.0,1.72,93.0,5.87,5.8,-6.06,-1.526,skipped_existing,381,20250801,,,0.0,0.0,0.0,,0.0,no_signal,0.0,0.0,1434000.0,1409000.0,0.0,no_vwap_reclaim_signal,D:\Users\PC2310\Desktop\multi AI agent\programs\kr_daypilot\data\historical_intraday\minute_bars\20250801\003230.csv
2025-08-06,2025-08-07,1,403870,HPSP,KOSDAQ,67.09,6.96,0.2,1.93,91.5,8.69,6.96,-13.23,-0.558,skipped_existing,381,20250807,,,0.0,0.0,0.0,,0.0,no_signal,0.0,0.0,26800.0,26300.0,0.0,no_vwap_reclaim_signal,D:\Users\PC2310\Desktop\multi AI agent\programs\kr_daypilot\data\historical_intraday\minute_bars\20250807\403870.csv
2025-08-08,2025-08-11,1,001040,CJ,KOSPI,66.39,6.83,-0.08,2.07,90.4,6.62,6.28,-6.33,-0.302,skipped_existing,381,20250811,,,0.0,0.0,0.0,,0.0,no_signal,0.0,0.0,165400.0,160200.0,0.0,no_vwap_reclaim_signal,D:\Users\PC2310\Desktop\multi AI agent\programs\kr_daypilot\data\historical_intraday\minute_bars\20250811\001040.csv
2025-08-20,2025-08-21,1,201490,미투온,KOSDAQ,63.91,10.99,-1.08,1.68,100.0,22.31,14.39,-22.82,-1.101,skipped_existing,381,20250821,,,0.0,0.0,0.0,,0.0,no_signal,0.0,0.0,6660.0,6130.0,0.0,opening_range_too_wide,D:\Users\PC2310\Desktop\multi AI agent\programs\kr_daypilot\data\historical_intraday\minute_bars\20250821\201490.csv
2025-08-20,2025-08-21,2,192820,코스맥스,KOSPI,62.5,5.33,-0.66,1.59,96.2,6.5,5.76,-28.4,0.0,collected,381,20250821,,,0.0,0.0,0.0,,0.0,no_signal,0.0,0.0,213500.0,209000.0,0.0,no_vwap_reclaim_signal,D:\Users\PC2310\Desktop\multi AI agent\programs\kr_daypilot\data\historical_intraday\minute_bars\20250821\192820.csv
2025-08-21,2025-08-22,1,051600,한전KPS,KOSPI,72.3,7.69,0.17,2.48,91.1,8.47,7.14,-19.72,0.0,skipped_existing,381,20250822,,,0.0,0.0,0.0,,0.0,no_signal,0.0,0.0,53700.0,51400.0,0.0,opening_range_too_wide,D:\Users\PC2310\Desktop\multi AI agent\programs\kr_daypilot\data\historical_intraday\minute_bars\20250822\051600.csv
2025-08-21,2025-08-22,2,018290,브이티,KOSDAQ,64.79,5.38,0.0,1.8,91.5,5.81,5.81,-14.05,-0.383,skipped_existing,381,20250822,,,0.0,0.0,0.0,,0.0,no_signal,0.0,0.0,39200.0,38750.0,0.0,no_vwap_reclaim_signal,D:\Users\PC2310\Desktop\multi AI agent\programs\kr_daypilot\data\historical_intraday\minute_bars\20250822\018290.csv
2025-08-25,2025-08-26,1,241560,두산밥캣,KOSPI,76.78,5.93,0.39,2.24,100.0,5.15,4.95,-22.6,-1.224,skipped_existing,381,20250826,,,0.0,0.0,0.0,,0.0,no_signal,0.0,0.0,56500.0,55400.0,0.0,no_vwap_reclaim_signal,D:\Users\PC2310\Desktop\multi AI agent\programs\kr_daypilot\data\historical_intraday\minute_bars\20250826\241560.csv
2025-09-03,2025-09-04,1,034230,파라다이스,KOSPI,68.42,8.37,0.14,1.94,93.8,7.65,7.65,-6.64,0.711,skipped_existing,381,20250904,,,0.0,0.0,0.0,,0.0,no_signal,0.0,0.0,21250.0,20800.0,0.0,no_vwap_reclaim_signal,D:\Users\PC2310\Desktop\multi AI agent\programs\kr_daypilot\data\historical_intraday\minute_bars\20250904\034230.csv
2025-09-08,2025-09-09,1,336570,원텍,KOSDAQ,71.35,10.93,0.14,2.32,92.4,10.93,10.82,-17.52,-0.904,skipped_existing,380,20250909,,,0.0,0.0,0.0,,0.0,no_signal,0.0,0.0,10980.0,10530.0,0.0,opening_range_too_wide,D:\Users\PC2310\Desktop\multi AI agent\programs\kr_daypilot\data\historical_intraday\minute_bars\20250909\336570.csv
2025-09-09,2025-09-10,1,071050,한국금융지주,KOSPI,70.76,6.79,0.34,2.05,94.1,5.99,5.44,-13.72,0.0,skipped_existing,381,20250910,091600,091700,144400.0,146999.2,143100.4,093400,146999.2,target_hit,1.8,1.2,145000.0,141200.0,143595.74,,D:\Users\PC2310\Desktop\multi AI agent\programs\kr_daypilot\data\historical_intraday\minute_bars\20250910\071050.csv
2025-09-10,2025-09-11,1,105560,KB금융,KOSPI,72.04,7.01,0.46,2.07,94.9,6.72,5.76,-7.11,-0.51,skipped_existing,381,20250911,,,0.0,0.0,0.0,,0.0,no_signal,0.0,0.0,117400.0,114900.0,0.0,no_vwap_reclaim_signal,D:\Users\PC2310\Desktop\multi AI agent\programs\kr_daypilot\data\historical_intraday\minute_bars\20250911\105560.csv
2025-09-15,2025-09-16,1,101490,에스앤에스텍,KOSDAQ,65.4,7.57,0.0,1.77,92.9,7.78,5.06,-6.41,0.37,skipped_existing,381,20250916,,,0.0,0.0,0.0,,0.0,no_signal,0.0,0.0,54300.0,53000.0,0.0,no_vwap_reclaim_signal,D:\Users\PC2310\Desktop\multi AI agent\programs\kr_daypilot\data\historical_intraday\minute_bars\20250916\101490.csv
2025-09-16,2025-09-17,1,079550,LIG넥스원,KOSPI,66.1,9.49,-0.3,1.81,95.6,8.62,8.51,-16.62,-1.292,skipped_existing,381,20250917,,,0.0,0.0,0.0,,0.0,no_signal,0.0,0.0,535000.0,523000.0,0.0,no_vwap_reclaim_signal,D:\Users\PC2310\Desktop\multi AI agent\programs\kr_daypilot\data\historical_intraday\minute_bars\20250917\079550.csv
2025-09-24,2025-09-25,1,204620,글로벌텍스프리,KOSDAQ,62.75,7.3,-0.63,1.83,92.6,8.59,7.3,-19.28,-0.949,skipped_existing,381,20250925,093200,093300,6270.0,6382.86,6213.57,093500,6382.86,target_hit,1.8,1.2,6290.0,6160.0,6197.85,,D:\Users\PC2310\Desktop\multi AI agent\programs\kr_daypilot\data\historical_intraday\minute_bars\20250925\204620.csv
2025-10-01,2025-10-02,1,023160,태광,KOSDAQ,69.21,7.95,0.0,2.2,92.1,6.7,6.1,-13.78,0.0,skipped_existing,381,20251002,,,0.0,0.0,0.0,,0.0,no_signal,0.0,0.0,27850.0,27050.0,0.0,no_vwap_reclaim_signal,D:\Users\PC2310\Desktop\multi AI agent\programs\kr_daypilot\data\historical_intraday\minute_bars\20251002\023160.csv
2025-10-01,2025-10-02,2,071970,HD현대마린엔진,KOSPI,62.6,6.63,0.0,1.52,92.3,7.28,5.87,-8.11,-0.679,skipped_existing,381,20251002,092800,092900,87300.0,88871.4,86514.3,093200,86514.3,stop_loss,-0.9,-1.5,87900.0,85500.0,86776.89,,D:\Users\PC2310\Desktop\multi AI agent\programs\kr_daypilot\data\historical_intraday\minute_bars\20251002\071970.csv
2025-10-10,2025-10-13,1,083650,비에이치아이,KOSDAQ,67.16,12.27,-0.4,2.11,93.3,11.57,10.66,-9.09,-0.926,collected,379,20251013,091400,091500,54500.0,55481.0,54009.5,091600,54009.5,stop_loss,-0.9,-1.5,54200.0,52500.0,53581.77,,D:\Users\PC2310\Desktop\multi AI agent\programs\kr_daypilot\data\historical_intraday\minute_bars\20251013\083650.csv
2025-10-14,2025-10-15,1,247540,에코프로비엠,KOSDAQ,72.52,5.01,-0.71,2.46,98.5,5.64,4.56,-12.89,0.0,skipped_existing,381,20251015,,,0.0,0.0,0.0,,0.0,no_signal,0.0,0.0,125500.0,122000.0,0.0,no_vwap_reclaim_signal,D:\Users\PC2310\Desktop\multi AI agent\programs\kr_daypilot\data\historical_intraday\minute_bars\20251015\247540.csv
2025-10-15,2025-10-16,1,062040,산일전기,KOSPI,74.81,11.1,1.14,1.88,96.8,11.0,9.1,-8.12,-0.083,skipped_existing,380,20251016,,,0.0,0.0,0.0,,0.0,no_signal,0.0,0.0,121100.0,118600.0,0.0,no_vwap_reclaim_signal,D:\Users\PC2310\Desktop\multi AI agent\programs\kr_daypilot\data\historical_intraday\minute_bars\20251016\062040.csv
2025-10-15,2025-10-16,2,071050,한국금융지주,KOSPI,72.7,6.69,1.14,1.59,97.8,6.54,6.16,-9.19,0.0,collected,381,20251016,,,0.0,0.0,0.0,,0.0,no_signal,0.0,0.0,161000.0,153300.0,0.0,opening_range_too_wide,D:\Users\PC2310\Desktop\multi AI agent\programs\kr_daypilot\data\historical_intraday\minute_bars\20251016\071050.csv
2025-10-20,2025-10-21,1,025980,아난티,KOSDAQ,56.87,6.63,0.25,2.33,91.2,3.26,0.2,-10.41,-0.612,skipped_existing,381,20251021,094000,094100,9870.0,10047.66,9781.17,112000,9930.0,time_exit,0.608,0.008,9920.0,9740.0,9785.01,,D:\Users\PC2310\Desktop\multi AI agent\programs\kr_daypilot\data\historical_intraday\minute_bars\20251021\025980.csv
2025-10-22,2025-10-23,1,000880,한화,KOSPI,75.62,5.84,0.6,2.1,98.7,8.59,4.68,-6.06,-2.081,skipped_existing,381,20251023,,,0.0,0.0,0.0,,0.0,no_signal,0.0,0.0,94800.0,92400.0,0.0,no_vwap_reclaim_signal,D:\Users\PC2310\Desktop\multi AI agent\programs\kr_daypilot\data\historical_intraday\minute_bars\20251023\000880.csv
2025-10-23,2025-10-24,1,353200,대덕전자,KOSPI,68.25,11.62,-0.51,1.9,98.9,14.73,13.43,-6.78,0.0,skipped_existing,381,20251024,,,0.0,0.0,0.0,,0.0,no_signal,0.0,0.0,35200.0,34250.0,0.0,no_vwap_reclaim_signal,D:\Users\PC2310\Desktop\multi AI agent\programs\kr_daypilot\data\historical_intraday\minute_bars\20251024\353200.csv
2025-10-23,2025-10-24,2,356860,티엘비,KOSDAQ,61.77,9.31,-0.62,1.54,95.4,13.11,11.01,-5.67,0.0,skipped_existing,381,20251024,,,0.0,0.0,0.0,,0.0,no_signal,0.0,0.0,71600.0,67700.0,0.0,opening_range_too_wide,D:\Users\PC2310\Desktop\multi AI agent\programs\kr_daypilot\data\historical_intraday\minute_bars\20251024\356860.csv
2025-10-27,2025-10-28,1,298380,에이비엘바이오,KOSDAQ,70.56,11.32,0.0,2.14,94.9,11.06,9.01,-15.94,0.0,skipped_existing,381,20251028,,,0.0,0.0,0.0,,0.0,no_signal,0.0,0.0,96900.0,93600.0,0.0,opening_range_too_wide,D:\Users\PC2310\Desktop\multi AI agent\programs\kr_daypilot\data\historical_intraday\minute_bars\20251028\298380.csv
2025-10-27,2025-10-28,2,196170,알테오젠,KOSDAQ,68.42,8.41,0.0,2.05,93.1,9.14,7.92,-8.6,0.103,skipped_existing,381,20251028,,,0.0,0.0,0.0,,0.0,no_signal,0.0,0.0,484000.0,475000.0,0.0,no_vwap_reclaim_signal,D:\Users\PC2310\Desktop\multi AI agent\programs\kr_daypilot\data\historical_intraday\minute_bars\20251028\196170.csv
2025-10-30,2025-10-31,1,003230,삼양식품,KOSPI,65.24,6.27,-0.94,2.22,92.9,7.48,6.79,-20.6,0.0,skipped_existing,381,20251031,,,0.0,0.0,0.0,,0.0,no_signal,0.0,0.0,1389000.0,1349000.0,0.0,no_vwap_reclaim_signal,D:\Users\PC2310\Desktop\multi AI agent\programs\kr_daypilot\data\historical_intraday\minute_bars\20251031\003230.csv
2025-10-31,2025-11-03,1,397030,에이프릴바이오,KOSDAQ,63.06,8.52,0.0,1.63,91.4,8.7,7.12,-9.93,0.0,skipped_existing,381,20251103,,,0.0,0.0,0.0,,0.0,no_signal,0.0,0.0,34200.0,32800.0,0.0,opening_range_too_wide,D:\Users\PC2310\Desktop\multi AI agent\programs\kr_daypilot\data\historical_intraday\minute_bars\20251103\397030.csv
2025-11-03,2025-11-04,1,047810,한국항공우주,KOSPI,65.59,5.32,-0.75,1.68,100.0,5.12,5.12,-8.33,-0.092,skipped_existing,381,20251104,,,0.0,0.0,0.0,,0.0,no_signal,0.0,0.0,108800.0,104100.0,0.0,opening_range_too_wide,D:\Users\PC2310\Desktop\multi AI agent\programs\kr_daypilot\data\historical_intraday\minute_bars\20251104\047810.csv
2025-11-03,2025-11-04,2,402340,SK스퀘어,KOSPI,60.0,8.65,-0.75,1.69,91.5,13.0,8.86,-5.04,-1.416,skipped_existing,381,20251104,,,0.0,0.0,0.0,,0.0,no_signal,0.0,0.0,278500.0,266500.0,0.0,opening_range_too_wide,D:\Users\PC2310\Desktop\multi AI agent\programs\kr_daypilot\data\historical_intraday\minute_bars\20251104\402340.csv
2025-11-10,2025-11-11,1,004800,효성,KOSPI,70.52,8.81,1.95,1.54,92.6,8.41,8.33,-11.54,0.0,skipped_existing,379,20251111,093700,093800,159700.0,162574.6,158262.7,093900,162574.6,target_hit,1.8,1.2,160000.0,154700.0,156232.81,,D:\Users\PC2310\Desktop\multi AI agent\programs\kr_daypilot\data\historical_intraday\minute_bars\20251111\004800.csv
2025-11-13,2025-11-14,1,003230,삼양식품,KOSPI,65.38,7.97,0.0,1.64,94.8,8.66,7.97,-17.84,-1.096,skipped_existing,381,20251114,,,0.0,0.0,0.0,,0.0,no_signal,0.0,0.0,1406000.0,1332000.0,0.0,opening_range_too_wide,D:\Users\PC2310\Desktop\multi AI agent\programs\kr_daypilot\data\historical_intraday\minute_bars\20251114\003230.csv
2025-11-20,2025-11-21,1,126340,비나텍,KOSDAQ,70.65,12.23,1.27,1.74,91.7,8.38,7.97,-11.23,0.0,skipped_existing,380,20251121,,,0.0,0.0,0.0,,0.0,no_signal,0.0,0.0,52956.0,51013.0,0.0,opening_range_too_wide,D:\Users\PC2310\Desktop\multi AI agent\programs\kr_daypilot\data\historical_intraday\minute_bars\20251121\126340.csv
2025-11-24,2025-11-25,1,180640,한진칼,KOSPI,69.61,10.67,-0.41,1.92,100.0,9.34,9.34,-9.78,-0.826,skipped_existing,372,20251125,,,0.0,0.0,0.0,,0.0,no_signal,0.0,0.0,108000.0,104000.0,0.0,opening_range_too_wide,D:\Users\PC2310\Desktop\multi AI agent\programs\kr_daypilot\data\historical_intraday\minute_bars\20251125\180640.csv
2025-11-27,2025-11-28,1,160190,하이젠알앤엠,KOSDAQ,71.69,12.74,0.0,2.22,95.4,13.34,11.79,-24.14,0.377,skipped_existing,380,20251128,,,0.0,0.0,0.0,,0.0,no_signal,0.0,0.0,54100.0,52600.0,0.0,no_vwap_reclaim_signal,D:\Users\PC2310\Desktop\multi AI agent\programs\kr_daypilot\data\historical_intraday\minute_bars\20251128\160190.csv
2025-12-08,2025-12-09,1,003670,포스코퓨처엠,KOSPI,69.46,7.04,-0.34,2.1,96.4,6.52,5.76,-15.19,-1.134,skipped_existing,381,20251209,,,0.0,0.0,0.0,,0.0,no_signal,0.0,0.0,226000.0,216500.0,0.0,opening_range_too_wide,D:\Users\PC2310\Desktop\multi AI agent\programs\kr_daypilot\data\historical_intraday\minute_bars\20251209\003670.csv
2025-12-08,2025-12-09,2,066970,엘앤에프,KOSPI,68.27,6.97,-0.34,2.29,91.9,6.37,5.6,-11.41,-2.273,skipped_existing,381,20251209,,,0.0,0.0,0.0,,0.0,no_signal,0.0,0.0,132800.0,127700.0,0.0,opening_range_too_wide,D:\Users\PC2310\Desktop\multi AI agent\programs\kr_daypilot\data\historical_intraday\minute_bars\20251209\066970.csv
2025-12-09,2025-12-10,1,124500,아이티센글로벌,KOSDAQ,66.67,9.73,-0.16,1.88,94.3,12.59,9.18,-8.52,0.0,skipped_existing,380,20251210,,,0.0,0.0,0.0,,0.0,no_signal,0.0,0.0,25300.0,22100.0,0.0,opening_range_too_wide,D:\Users\PC2310\Desktop\multi AI agent\programs\kr_daypilot\data\historical_intraday\minute_bars\20251210\124500.csv
2025-12-09,2025-12-10,2,100090,SK오션플랜트,KOSPI,66.16,5.1,0.0,1.91,91.8,7.6,4.81,-39.81,0.053,skipped_existing,381,20251210,,,0.0,0.0,0.0,,0.0,no_signal,0.0,0.0,19250.0,18730.0,0.0,no_vwap_reclaim_signal,D:\Users\PC2310\Desktop\multi AI agent\programs\kr_daypilot\data\historical_intraday\minute_bars\20251210\100090.csv
2025-12-10,2025-12-11,1,042520,한스바이오메드,KOSDAQ,63.89,13.37,-0.24,1.6,94.9,16.61,12.01,-14.08,0.153,skipped_existing,381,20251211,,,0.0,0.0,0.0,,0.0,no_signal,0.0,0.0,33700.0,32500.0,0.0,opening_range_too_wide,D:\Users\PC2310\Desktop\multi AI agent\programs\kr_daypilot\data\historical_intraday\minute_bars\20251211\042520.csv
2025-12-12,2025-12-15,1,100090,SK오션플랜트,KOSPI,78.13,6.69,0.74,2.3,98.3,6.23,5.5,-36.7,-0.702,skipped_existing,381,20251215,091400,091500,19980.0,20339.64,19800.18,091600,20339.64,target_hit,1.8,1.2,19810.0,19360.0,19548.73,,D:\Users\PC2310\Desktop\multi AI agent\programs\kr_daypilot\data\historical_intraday\minute_bars\20251215\100090.csv
2025-12-12,2025-12-15,2,001440,대한전선,KOSPI,74.85,7.62,0.74,1.86,100.0,8.11,7.38,-16.23,-1.875,skipped_existing,381,20251215,,,0.0,0.0,0.0,,0.0,no_signal,0.0,0.0,23550.0,23100.0,0.0,no_vwap_reclaim_signal,D:\Users\PC2310\Desktop\multi AI agent\programs\kr_daypilot\data\historical_intraday\minute_bars\20251215\001440.csv
2025-12-15,2025-12-16,1,049630,재영솔루텍,KOSDAQ,64.98,11.54,-0.17,1.97,90.4,18.25,15.34,-10.57,0.0,skipped_existing,381,20251216,,,0.0,0.0,0.0,,0.0,no_signal,0.0,0.0,16000.0,15275.0,0.0,opening_range_too_wide,D:\Users\PC2310\Desktop\multi AI agent\programs\kr_daypilot\data\historical_intraday\minute_bars\20251216\049630.csv
2025-12-17,2025-12-18,1,041510,에스엠,KOSDAQ,70.66,5.82,0.0,2.45,90.4,5.91,4.97,-22.75,-0.254,skipped_existing,381,20251218,092300,092400,118200.0,120327.6,117136.2,095100,120327.6,target_hit,1.8,1.2,117900.0,115500.0,117174.21,,D:\Users\PC2310\Desktop\multi AI agent\programs\kr_daypilot\data\historical_intraday\minute_bars\20251218\041510.csv
2025-12-19,2025-12-22,1,010140,삼성중공업,KOSPI,70.43,6.72,0.48,1.55,100.0,5.39,5.18,-21.85,0.0,skipped_existing,381,20251222,,,0.0,0.0,0.0,,0.0,no_signal,0.0,0.0,25750.0,25000.0,0.0,no_vwap_reclaim_signal,D:\Users\PC2310\Desktop\multi AI agent\programs\kr_daypilot\data\historical_intraday\minute_bars\20251222\010140.csv
2025-12-23,2025-12-24,1,352820,하이브,KOSPI,62.02,5.02,-0.6,1.84,91.2,5.02,4.17,-7.55,-1.079,skipped_existing,381,20251224,,,0.0,0.0,0.0,,0.0,no_signal,0.0,0.0,322000.0,319000.0,0.0,no_vwap_reclaim_signal,D:\Users\PC2310\Desktop\multi AI agent\programs\kr_daypilot\data\historical_intraday\minute_bars\20251224\352820.csv
2025-12-26,2025-12-29,1,298380,에이비엘바이오,KOSDAQ,66.72,6.13,-0.25,1.59,99.3,8.15,5.85,-9.55,0.0,skipped_existing,381,20251229,,,0.0,0.0,0.0,,0.0,no_signal,0.0,0.0,203000.0,199700.0,0.0,no_vwap_reclaim_signal,D:\Users\PC2310\Desktop\multi AI agent\programs\kr_daypilot\data\historical_intraday\minute_bars\20251229\298380.csv
2025-12-29,2025-12-30,1,035720,카카오,KOSPI,71.11,5.34,-0.54,2.13,100.0,6.25,6.25,-12.2,-0.49,skipped_existing,381,20251230,,,0.0,0.0,0.0,,0.0,no_signal,0.0,0.0,61500.0,60300.0,0.0,no_vwap_reclaim_signal,D:\Users\PC2310\Desktop\multi AI agent\programs\kr_daypilot\data\historical_intraday\minute_bars\20251230\035720.csv
2025-12-29,2025-12-30,2,028300,HLB,KOSDAQ,67.39,6.51,0.0,1.79,95.5,6.86,5.94,-16.44,-1.631,skipped_existing,381,20251230,,,0.0,0.0,0.0,,0.0,no_signal,0.0,0.0,49450.0,48200.0,0.0,no_vwap_reclaim_signal,D:\Users\PC2310\Desktop\multi AI agent\programs\kr_daypilot\data\historical_intraday\minute_bars\20251230\028300.csv
2025-12-30,2026-01-02,1,006280,녹십자,KOSPI,64.7,6.5,-0.26,1.77,93.8,8.16,6.28,-7.23,0.126,skipped_existing,319,20260102,,,0.0,0.0,0.0,,0.0,no_signal,0.0,0.0,0.0,0.0,0.0,missing_opening_range,D:\Users\PC2310\Desktop\multi AI agent\programs\kr_daypilot\data\historical_intraday\minute_bars\20260102\006280.csv
2026-01-02,2026-01-05,1,058470,리노공업,KOSDAQ,73.94,7.63,0.8,1.88,97.9,7.81,7.63,-7.68,0.0,skipped_existing,381,20260105,,,0.0,0.0,0.0,,0.0,no_signal,0.0,0.0,68300.0,65500.0,0.0,opening_range_too_wide,D:\Users\PC2310\Desktop\multi AI agent\programs\kr_daypilot\data\historical_intraday\minute_bars\20260105\058470.csv
2026-01-02,2026-01-05,2,005290,동진쎄미켐,KOSDAQ,72.57,8.19,0.8,1.72,98.3,8.04,7.74,-16.08,0.0,skipped_existing,381,20260105,,,0.0,0.0,0.0,,0.0,no_signal,0.0,0.0,41600.0,40650.0,0.0,no_vwap_reclaim_signal,D:\Users\PC2310\Desktop\multi AI agent\programs\kr_daypilot\data\historical_intraday\minute_bars\20260105\005290.csv
2026-01-05,2026-01-06,1,417200,LS머트리얼즈,KOSDAQ,71.5,9.98,0.0,2.19,95.7,6.89,5.89,-13.54,-1.171,skipped_existing,381,20260106,,,0.0,0.0,0.0,,0.0,no_signal,0.0,0.0,13500.0,13290.0,0.0,no_vwap_reclaim_signal,D:\Users\PC2310\Desktop\multi AI agent\programs\kr_daypilot\data\historical_intraday\minute_bars\20260106\417200.csv
2026-01-05,2026-01-06,2,001440,대한전선,KOSPI,70.81,7.98,0.0,2.33,92.5,7.76,6.42,-10.3,0.0,skipped_existing,381,20260106,,,0.0,0.0,0.0,,0.0,no_signal,0.0,0.0,27000.0,25700.0,0.0,opening_range_too_wide,D:\Users\PC2310\Desktop\multi AI agent\programs\kr_daypilot\data\historical_intraday\minute_bars\20260106\001440.csv
2026-01-06,2026-01-07,1,079550,LIG넥스원,KOSPI,74.18,5.66,-0.09,2.21,100.0,7.49,6.0,-7.82,-0.909,skipped_existing,381,20260107,,,0.0,0.0,0.0,,0.0,no_signal,0.0,0.0,506000.0,488000.0,0.0,opening_range_too_wide,D:\Users\PC2310\Desktop\multi AI agent\programs\kr_daypilot\data\historical_intraday\minute_bars\20260107\079550.csv
2026-01-06,2026-01-07,2,329180,HD현대중공업,KOSPI,71.63,7.21,-0.09,1.96,100.0,5.97,5.57,-14.06,-0.909,collected,381,20260107,,,0.0,0.0,0.0,,0.0,no_signal,0.0,0.0,556000.0,542000.0,0.0,no_vwap_reclaim_signal,D:\Users\PC2310\Desktop\multi AI agent\programs\kr_daypilot\data\historical_intraday\minute_bars\20260107\329180.csv
2026-01-09,2026-01-12,1,009540,HD한국조선해양,KOSPI,78.83,5.3,0.27,2.5,100.0,5.8,4.81,-9.61,-0.447,skipped_existing,381,20260112,093600,093700,445000.0,453010.0,440995.0,112000,451500.0,time_exit,1.461,0.861,445000.0,433000.0,440125.25,,D:\Users\PC2310\Desktop\multi AI agent\programs\kr_daypilot\data\historical_intraday\minute_bars\20260112\009540.csv
2026-01-09,2026-01-12,2,310210,보로노이,KOSDAQ,69.6,13.55,0.13,1.96,95.3,15.25,13.55,-9.78,-2.169,collected,381,20260112,,,0.0,0.0,0.0,,0.0,no_signal,0.0,0.0,225500.0,219500.0,0.0,no_vwap_reclaim_signal,D:\Users\PC2310\Desktop\multi AI agent\programs\kr_daypilot\data\historical_intraday\minute_bars\20260112\310210.csv
2026-01-13,2026-01-14,1,064350,현대로템,KOSPI,73.43,6.42,0.0,2.09,100.0,7.91,4.5,-7.01,-1.293,skipped_existing,381,20260114,,,0.0,0.0,0.0,,0.0,no_signal,0.0,0.0,229000.0,221000.0,0.0,opening_range_too_wide,D:\Users\PC2310\Desktop\multi AI agent\programs\kr_daypilot\data\historical_intraday\minute_bars\20260114\064350.csv
2026-01-13,2026-01-14,2,051910,LG화학,KOSPI,70.34,6.53,0.0,1.92,98.0,7.7,6.04,-20.07,-0.584,skipped_existing,381,20260114,,,0.0,0.0,0.0,,0.0,no_signal,0.0,0.0,341500.0,335500.0,0.0,no_vwap_reclaim_signal,D:\Users\PC2310\Desktop\multi AI agent\programs\kr_daypilot\data\historical_intraday\minute_bars\20260114\051910.csv
2026-01-15,2026-01-16,1,010060,OCI홀딩스,KOSPI,69.8,6.92,0.11,1.68,100.0,8.68,6.82,-9.71,0.0,skipped_existing,381,20260116,,,0.0,0.0,0.0,,0.0,no_signal,0.0,0.0,120900.0,117000.0,0.0,no_vwap_reclaim_signal,D:\Users\PC2310\Desktop\multi AI agent\programs\kr_daypilot\data\historical_intraday\minute_bars\20260116\010060.csv
2026-01-15,2026-01-16,2,097230,HJ중공업,KOSPI,69.69,8.45,0.11,2.03,94.4,6.73,6.73,-18.58,0.186,skipped_existing,381,20260116,,,0.0,0.0,0.0,,0.0,no_signal,0.0,0.0,27050.0,26550.0,0.0,no_vwap_reclaim_signal,D:\Users\PC2310\Desktop\multi AI agent\programs\kr_daypilot\data\historical_intraday\minute_bars\20260116\097230.csv
2026-01-16,2026-01-19,1,010130,고려아연,KOSPI,64.68,10.22,-0.18,1.88,91.5,8.86,5.6,-17.19,0.0,skipped_existing,381,20260119,,,0.0,0.0,0.0,,0.0,no_signal,0.0,0.0,1686000.0,1600000.0,0.0,opening_range_too_wide,D:\Users\PC2310\Desktop\multi AI agent\programs\kr_daypilot\data\historical_intraday\minute_bars\20260119\010130.csv
2026-01-19,2026-01-20,1,323280,태성,KOSDAQ,69.22,9.81,0.0,1.67,100.0,4.87,4.23,-24.39,0.0,skipped_existing,381,20260120,,,0.0,0.0,0.0,,0.0,no_signal,0.0,0.0,45650.0,44100.0,0.0,opening_range_too_wide,D:\Users\PC2310\Desktop\multi AI agent\programs\kr_daypilot\data\historical_intraday\minute_bars\20260120\323280.csv
2026-01-19,2026-01-20,2,099440,스맥,KOSDAQ,67.43,11.88,0.0,2.09,91.0,11.7,9.89,-18.71,0.0,skipped_existing,381,20260120,,,0.0,0.0,0.0,,0.0,no_signal,0.0,0.0,7120.0,6550.0,0.0,opening_range_too_wide,D:\Users\PC2310\Desktop\multi AI agent\programs\kr_daypilot\data\historical_intraday\minute_bars\20260120\099440.csv
2026-01-22,2026-01-23,1,373220,LG에너지솔루션,KOSPI,73.97,5.7,0.34,2.27,95.6,5.44,4.91,-20.87,0.0,skipped_existing,381,20260123,,,0.0,0.0,0.0,,0.0,no_signal,0.0,0.0,430500.0,415500.0,0.0,opening_range_too_wide,D:\Users\PC2310\Desktop\multi AI agent\programs\kr_daypilot\data\historical_intraday\minute_bars\20260123\373220.csv
2026-01-22,2026-01-23,2,011170,롯데케미칼,KOSPI,67.48,5.34,0.34,1.77,93.3,5.77,5.19,-13.68,0.0,skipped_existing,381,20260123,,,0.0,0.0,0.0,,0.0,no_signal,0.0,0.0,80900.0,77800.0,0.0,opening_range_too_wide,D:\Users\PC2310\Desktop\multi AI agent\programs\kr_daypilot\data\historical_intraday\minute_bars\20260123\011170.csv
2026-01-23,2026-01-26,1,950160,코오롱티슈진,KOSDAQ,73.67,6.81,0.75,2.18,93.4,7.36,4.14,-6.31,0.963,skipped_existing,380,20260126,,,0.0,0.0,0.0,,0.0,no_signal,0.0,0.0,87800.0,83900.0,0.0,opening_range_too_wide,D:\Users\PC2310\Desktop\multi AI agent\programs\kr_daypilot\data\historical_intraday\minute_bars\20260126\950160.csv
2026-01-23,2026-01-26,2,141080,리가켐바이오,KOSDAQ,72.72,12.32,0.75,1.87,96.7,11.87,11.87,-18.48,0.0,skipped_existing,380,20260126,,,0.0,0.0,0.0,,0.0,no_signal,0.0,0.0,175400.0,167900.0,0.0,opening_range_too_wide,D:\Users\PC2310\Desktop\multi AI agent\programs\kr_daypilot\data\historical_intraday\minute_bars\20260126\141080.csv
2026-01-26,2026-01-27,1,095610,테스,KOSDAQ,78.34,13.63,1.38,2.31,93.8,12.56,11.98,-11.0,-2.03,skipped_existing,381,20260127,,,0.0,0.0,0.0,,0.0,no_signal,0.0,0.0,53900.0,52500.0,0.0,no_vwap_reclaim_signal,D:\Users\PC2310\Desktop\multi AI agent\programs\kr_daypilot\data\historical_intraday\minute_bars\20260127\095610.csv
2026-01-26,2026-01-27,2,358570,지아이이노베이션,KOSDAQ,76.9,9.17,1.38,1.84,98.6,9.93,9.55,-24.44,-2.401,skipped_existing,381,20260127,,,0.0,0.0,0.0,,0.0,no_signal,0.0,0.0,16180.0,15400.0,0.0,opening_range_too_wide,D:\Users\PC2310\Desktop\multi AI agent\programs\kr_daypilot\data\historical_intraday\minute_bars\20260127\358570.csv
2026-01-27,2026-01-28,1,084370,유진테크,KOSDAQ,72.11,9.81,0.06,1.93,100.0,11.95,9.94,-15.78,0.0,skipped_existing,381,20260128,,,0.0,0.0,0.0,,0.0,no_signal,0.0,0.0,96100.0,92700.0,0.0,opening_range_too_wide,D:\Users\PC2310\Desktop\multi AI agent\programs\kr_daypilot\data\historical_intraday\minute_bars\20260128\084370.csv
2026-01-27,2026-01-28,2,388210,씨엠티엑스,KOSDAQ,71.25,10.82,0.06,1.89,99.3,12.64,11.92,-19.55,0.0,skipped_existing,381,20260128,,,0.0,0.0,0.0,,0.0,no_signal,0.0,0.0,130700.0,126100.0,0.0,opening_range_too_wide,D:\Users\PC2310\Desktop\multi AI agent\programs\kr_daypilot\data\historical_intraday\minute_bars\20260128\388210.csv
2026-01-28,2026-01-29,1,087010,펩트론,KOSDAQ,75.51,10.28,0.12,2.46,96.7,10.09,8.39,-19.36,0.0,skipped_existing,381,20260129,,,0.0,0.0,0.0,,0.0,no_signal,0.0,0.0,334500.0,320500.0,0.0,opening_range_too_wide,D:\Users\PC2310\Desktop\multi AI agent\programs\kr_daypilot\data\historical_intraday\minute_bars\20260129\087010.csv
2026-01-28,2026-01-29,2,039200,오스코텍,KOSDAQ,65.28,6.19,0.12,1.64,93.7,5.98,5.66,-20.76,0.0,collected,381,20260129,,,0.0,0.0,0.0,,0.0,no_signal,0.0,0.0,54200.0,52500.0,0.0,no_vwap_reclaim_signal,D:\Users\PC2310\Desktop\multi AI agent\programs\kr_daypilot\data\historical_intraday\minute_bars\20260129\039200.csv
2026-01-29,2026-01-30,1,087010,펩트론,KOSDAQ,75.39,5.69,0.24,2.29,98.2,9.14,3.88,-14.78,0.897,skipped_existing,380,20260130,,,0.0,0.0,0.0,,0.0,no_signal,0.0,0.0,338000.0,328500.0,0.0,no_vwap_reclaim_signal,D:\Users\PC2310\Desktop\multi AI agent\programs\kr_daypilot\data\historical_intraday\minute_bars\20260130\087010.csv
2026-01-29,2026-01-30,2,039200,오스코텍,KOSDAQ,74.68,6.31,0.24,2.31,96.9,5.9,5.1,-15.76,0.0,collected,381,20260130,,,0.0,0.0,0.0,,0.0,no_signal,0.0,0.0,56700.0,54400.0,0.0,opening_range_too_wide,D:\Users\PC2310\Desktop\multi AI agent\programs\kr_daypilot\data\historical_intraday\minute_bars\20260130\039200.csv
2026-02-03,2026-02-04,1,033100,제룡전기,KOSDAQ,75.03,9.16,1.94,1.5,100.0,7.32,5.07,-6.57,-0.105,skipped_existing,378,20260204,,,0.0,0.0,0.0,,0.0,no_signal,0.0,0.0,48500.0,46750.0,0.0,opening_range_too_wide,D:\Users\PC2310\Desktop\multi AI agent\programs\kr_daypilot\data\historical_intraday\minute_bars\20260204\033100.csv
2026-02-03,2026-02-04,2,062040,산일전기,KOSPI,69.5,8.81,2.25,1.56,90.9,5.71,5.48,-17.16,-1.282,skipped_existing,381,20260204,,,0.0,0.0,0.0,,0.0,no_signal,0.0,0.0,151600.0,146200.0,0.0,opening_range_too_wide,D:\Users\PC2310\Desktop\multi AI agent\programs\kr_daypilot\data\historical_intraday\minute_bars\20260204\062040.csv
2026-02-19,2026-02-20,1,041190,우리기술투자,KOSDAQ,69.75,5.32,0.8,1.7,95.0,4.79,3.35,-11.49,0.601,skipped_existing,381,20260220,093400,093500,8350.0,8500.3,8274.85,094200,8500.3,target_hit,1.8,1.2,8390.0,8130.0,8235.12,,D:\Users\PC2310\Desktop\multi AI agent\programs\kr_daypilot\data\historical_intraday\minute_bars\20260220\041190.csv
2026-02-20,2026-02-23,1,012510,더존비즈온,KOSPI,69.64,5.38,0.35,1.73,97.1,7.62,5.15,-5.51,0.0,skipped_existing,379,20260223,,,0.0,0.0,0.0,,0.0,no_signal,0.0,0.0,119000.0,118300.0,0.0,no_vwap_reclaim_signal,D:\Users\PC2310\Desktop\multi AI agent\programs\kr_daypilot\data\historical_intraday\minute_bars\20260223\012510.csv
2026-02-24,2026-02-25,1,079550,LIG넥스원,KOSPI,65.4,6.44,0.0,1.94,90.2,7.64,5.25,-9.86,-0.768,skipped_existing,381,20260225,094300,094400,512000.0,521216.0,507392.0,100300,521216.0,target_hit,1.8,1.2,517000.0,503000.0,508056.47,,D:\Users\PC2310\Desktop\multi AI agent\programs\kr_daypilot\data\historical_intraday\minute_bars\20260225\079550.csv
2026-02-25,2026-02-26,1,437730,삼현,KOSDAQ,63.44,8.1,-0.37,1.67,94.1,9.13,3.8,-25.36,0.0,skipped_existing,381,20260226,,,0.0,0.0,0.0,,0.0,no_signal,0.0,0.0,61000.0,59200.0,0.0,no_vwap_reclaim_signal,D:\Users\PC2310\Desktop\multi AI agent\programs\kr_daypilot\data\historical_intraday\minute_bars\20260226\437730.csv
2026-02-26,2026-02-27,1,161580,필옵틱스,KOSDAQ,55.56,9.2,-1.36,1.55,91.5,8.55,8.12,-9.45,-2.93,skipped_existing,381,20260227,,,0.0,0.0,0.0,,0.0,no_signal,0.0,0.0,54200.0,52600.0,0.0,no_vwap_reclaim_signal,D:\Users\PC2310\Desktop\multi AI agent\programs\kr_daypilot\data\historical_intraday\minute_bars\20260227\161580.csv
2026-03-05,2026-03-06,1,251270,넷마블,KOSPI,65.5,6.01,6.21,1.65,91.5,5.9,0.83,-17.66,0.0,skipped_existing,379,20260306,,,0.0,0.0,0.0,,0.0,no_signal,0.0,0.0,55900.0,50900.0,0.0,opening_range_too_wide,D:\Users\PC2310\Desktop\multi AI agent\programs\kr_daypilot\data\historical_intraday\minute_bars\20260306\251270.csv
2026-03-06,2026-03-09,1,222800,심텍,KOSDAQ,74.84,14.0,1.06,2.15,93.3,14.0,14.0,-13.24,0.0,skipped_existing,381,20260309,,,0.0,0.0,0.0,,0.0,no_signal,0.0,0.0,53800.0,52100.0,0.0,no_vwap_reclaim_signal,D:\Users\PC2310\Desktop\multi AI agent\programs\kr_daypilot\data\historical_intraday\minute_bars\20260309\222800.csv
2026-03-06,2026-03-09,2,047050,포스코인터내셔널,KOSPI,72.79,11.06,0.3,1.88,100.0,7.95,4.56,-6.74,0.0,skipped_existing,350,20260309,,,0.0,0.0,0.0,,0.0,no_signal,0.0,0.0,83900.0,78300.0,0.0,opening_range_too_wide,D:\Users\PC2310\Desktop\multi AI agent\programs\kr_daypilot\data\historical_intraday\minute_bars\20260309\047050.csv
2026-03-12,2026-03-13,1,085660,차바이오텍,KOSDAQ,72.88,9.07,0.3,2.19,95.5,9.37,9.13,-17.12,-3.023,skipped_existing,381,20260313,,,0.0,0.0,0.0,,0.0,no_signal,0.0,0.0,19390.0,19010.0,0.0,no_vwap_reclaim_signal,D:\Users\PC2310\Desktop\multi AI agent\programs\kr_daypilot\data\historical_intraday\minute_bars\20260313\085660.csv
2026-03-16,2026-03-17,1,222800,심텍,KOSDAQ,60.35,7.9,-0.76,1.67,92.5,9.59,8.74,-14.76,0.0,skipped_existing,381,20260317,,,0.0,0.0,0.0,,0.0,no_signal,0.0,0.0,58800.0,55700.0,0.0,opening_range_too_wide,D:\Users\PC2310\Desktop\multi AI agent\programs\kr_daypilot\data\historical_intraday\minute_bars\20260317\222800.csv
2026-03-18,2026-03-19,1,007660,이수페타시스,KOSPI,65.49,9.45,0.54,1.52,92.6,6.38,5.84,-7.4,-3.837,skipped_existing,380,20260319,,,0.0,0.0,0.0,,0.0,no_signal,0.0,0.0,125700.0,119800.0,0.0,opening_range_too_wide,D:\Users\PC2310\Desktop\multi AI agent\programs\kr_daypilot\data\historical_intraday\minute_bars\20260319\007660.csv
2026-03-20,2026-03-23,1,097950,CJ제일제당,KOSPI,79.56,6.0,1.85,1.96,100.0,6.0,5.74,-9.79,-2.83,skipped_existing,381,20260323,,,0.0,0.0,0.0,,0.0,no_signal,0.0,0.0,208000.0,205500.0,0.0,no_vwap_reclaim_signal,D:\Users\PC2310\Desktop\multi AI agent\programs\kr_daypilot\data\historical_intraday\minute_bars\20260323\097950.csv
2026-03-24,2026-03-25,1,373220,LG에너지솔루션,KOSPI,73.92,10.25,1.1,1.59,100.0,6.66,5.65,-13.74,-0.127,skipped_existing,381,20260325,,,0.0,0.0,0.0,,0.0,no_signal,0.0,0.0,396000.0,390000.0,0.0,no_vwap_reclaim_signal,D:\Users\PC2310\Desktop\multi AI agent\programs\kr_daypilot\data\historical_intraday\minute_bars\20260325\373220.csv
2026-03-24,2026-03-25,2,097950,CJ제일제당,KOSPI,71.07,5.07,1.1,1.85,100.0,4.07,2.59,-7.45,0.23,skipped_existing,377,20260325,,,0.0,0.0,0.0,,0.0,no_signal,0.0,0.0,223500.0,217500.0,0.0,no_vwap_reclaim_signal,D:\Users\PC2310\Desktop\multi AI agent\programs\kr_daypilot\data\historical_intraday\minute_bars\20260325\097950.csv
2026-03-25,2026-03-26,1,067310,하나마이크론,KOSDAQ,69.28,10.87,1.47,1.56,90.8,8.87,6.78,-8.35,-2.762,skipped_existing,381,20260326,,,0.0,0.0,0.0,,0.0,no_signal,0.0,0.0,36100.0,34800.0,0.0,opening_range_too_wide,D:\Users\PC2310\Desktop\multi AI agent\programs\kr_daypilot\data\historical_intraday\minute_bars\20260326\067310.csv
2026-03-27,2026-03-30,1,011070,LG이노텍,KOSPI,65.57,5.78,0.0,1.82,92.3,8.09,7.55,-9.34,0.0,skipped_existing,381,20260330,,,0.0,0.0,0.0,,0.0,no_signal,0.0,0.0,314000.0,302500.0,0.0,opening_range_too_wide,D:\Users\PC2310\Desktop\multi AI agent\programs\kr_daypilot\data\historical_intraday\minute_bars\20260330\011070.csv
2026-03-27,2026-03-30,2,090430,아모레퍼시픽,KOSPI,64.01,6.18,0.0,1.58,93.5,8.65,7.44,-14.56,-4.017,skipped_existing,381,20260330,,,0.0,0.0,0.0,,0.0,no_signal,0.0,0.0,139400.0,138000.0,0.0,no_vwap_reclaim_signal,D:\Users\PC2310\Desktop\multi AI agent\programs\kr_daypilot\data\historical_intraday\minute_bars\20260330\090430.csv
2026-04-06,2026-04-07,1,388050,지투파워,KOSDAQ,61.78,5.59,-0.53,1.78,91.2,11.37,5.09,-5.16,0.0,skipped_existing,381,20260407,,,0.0,0.0,0.0,,0.0,no_signal,0.0,0.0,13790.0,12930.0,0.0,opening_range_too_wide,D:\Users\PC2310\Desktop\multi AI agent\programs\kr_daypilot\data\historical_intraday\minute_bars\20260407\388050.csv
2026-04-08,2026-04-09,1,001440,대한전선,KOSPI,77.48,11.55,2.48,2.09,94.9,6.26,5.9,-15.93,-1.433,skipped_existing,381,20260409,,,0.0,0.0,0.0,,0.0,no_signal,0.0,0.0,30950.0,30300.0,0.0,no_vwap_reclaim_signal,D:\Users\PC2310\Desktop\multi AI agent\programs\kr_daypilot\data\historical_intraday\minute_bars\20260409\001440.csv
2026-04-08,2026-04-09,2,080220,제주반도체,KOSDAQ,77.31,13.46,2.72,1.73,100.0,6.57,4.75,-21.1,-2.326,skipped_existing,381,20260409,,,0.0,0.0,0.0,,0.0,no_signal,0.0,0.0,42000.0,40900.0,0.0,no_vwap_reclaim_signal,D:\Users\PC2310\Desktop\multi AI agent\programs\kr_daypilot\data\historical_intraday\minute_bars\20260409\080220.csv
2026-04-09,2026-04-10,1,036570,엔씨소프트,KOSPI,71.68,7.34,-0.24,2.42,94.3,7.59,7.59,-9.48,-1.282,skipped_existing,381,20260410,,,0.0,0.0,0.0,,0.0,no_signal,0.0,0.0,239000.0,231000.0,0.0,no_vwap_reclaim_signal,D:\Users\PC2310\Desktop\multi AI agent\programs\kr_daypilot\data\historical_intraday\minute_bars\20260410\036570.csv
2026-04-13,2026-04-14,1,071970,HD현대마린엔진,KOSPI,67.48,5.35,-0.29,2.25,90.8,8.88,8.46,-19.43,0.0,skipped_existing,381,20260414,,,0.0,0.0,0.0,,0.0,no_signal,0.0,0.0,87900.0,85000.0,0.0,no_vwap_reclaim_signal,D:\Users\PC2310\Desktop\multi AI agent\programs\kr_daypilot\data\historical_intraday\minute_bars\20260414\071970.csv
2026-04-15,2026-04-16,1,048410,현대바이오,KOSDAQ,65.7,8.45,0.75,1.6,90.2,10.72,8.53,-33.72,0.421,skipped_existing,381,20260416,,,0.0,0.0,0.0,,0.0,no_signal,0.0,0.0,14570.0,14050.0,0.0,opening_range_too_wide,D:\Users\PC2310\Desktop\multi AI agent\programs\kr_daypilot\data\historical_intraday\minute_bars\20260416\048410.csv
2026-04-15,2026-04-16,2,017800,현대엘리베이터,KOSPI,60.37,5.51,0.41,1.76,91.9,3.53,3.53,-12.17,0.201,skipped_existing,381,20260416,,,0.0,0.0,0.0,,0.0,no_signal,0.0,0.0,100500.0,99500.0,0.0,no_vwap_reclaim_signal,D:\Users\PC2310\Desktop\multi AI agent\programs\kr_daypilot\data\historical_intraday\minute_bars\20260416\017800.csv
2026-04-16,2026-04-17,1,388210,씨엠티엑스,KOSDAQ,72.26,12.52,0.79,1.82,96.5,14.38,11.45,-10.8,-0.856,skipped_existing,381,20260417,,,0.0,0.0,0.0,,0.0,no_signal,0.0,0.0,158900.0,149500.0,0.0,opening_range_too_wide,D:\Users\PC2310\Desktop\multi AI agent\programs\kr_daypilot\data\historical_intraday\minute_bars\20260417\388210.csv
2026-04-21,2026-04-22,1,329180,HD현대중공업,KOSPI,71.64,9.92,0.0,2.19,95.9,8.88,8.27,-9.86,0.174,skipped_existing,380,20260422,,,0.0,0.0,0.0,,0.0,no_signal,0.0,0.0,580000.0,566000.0,0.0,no_vwap_reclaim_signal,D:\Users\PC2310\Desktop\multi AI agent\programs\kr_daypilot\data\historical_intraday\minute_bars\20260422\329180.csv
2026-04-21,2026-04-22,2,247540,에코프로비엠,KOSDAQ,70.74,5.0,-0.23,2.18,100.0,4.5,3.04,-15.19,0.907,skipped_existing,381,20260422,,,0.0,0.0,0.0,,0.0,no_signal,0.0,0.0,222500.0,213500.0,0.0,opening_range_too_wide,D:\Users\PC2310\Desktop\multi AI agent\programs\kr_daypilot\data\historical_intraday\minute_bars\20260422\247540.csv
2026-04-22,2026-04-23,1,439260,대한조선,KOSPI,74.77,5.89,0.0,2.23,100.0,5.89,5.54,-13.13,0.0,skipped_existing,381,20260423,,,0.0,0.0,0.0,,0.0,no_signal,0.0,0.0,97000.0,94100.0,0.0,no_vwap_reclaim_signal,D:\Users\PC2310\Desktop\multi AI agent\programs\kr_daypilot\data\historical_intraday\minute_bars\20260423\439260.csv
2026-04-22,2026-04-23,2,078350,한양디지텍,KOSDAQ,71.0,12.31,0.0,2.19,94.9,14.73,12.96,-17.75,0.0,skipped_existing,381,20260423,,,0.0,0.0,0.0,,0.0,no_signal,0.0,0.0,30000.0,28950.0,0.0,opening_range_too_wide,D:\Users\PC2310\Desktop\multi AI agent\programs\kr_daypilot\data\historical_intraday\minute_bars\20260423\078350.csv
2026-04-23,2026-04-24,1,044490,태웅,KOSDAQ,70.73,12.77,-0.53,2.09,100.0,9.73,6.64,-9.86,-0.566,skipped_existing,381,20260424,092600,092700,52400.0,53343.2,51928.4,100600,53343.2,target_hit,1.8,1.2,52700.0,51200.0,51857.1,,D:\Users\PC2310\Desktop\multi AI agent\programs\kr_daypilot\data\historical_intraday\minute_bars\20260424\044490.csv
2026-04-23,2026-04-24,2,078350,한양디지텍,KOSDAQ,68.25,10.96,-0.53,2.45,90.8,11.92,8.0,-8.73,-2.006,skipped_existing,377,20260424,094300,094400,32400.0,32983.2,32108.4,094700,32983.2,target_hit,1.8,1.2,32200.0,31400.0,31569.95,,D:\Users\PC2310\Desktop\multi AI agent\programs\kr_daypilot\data\historical_intraday\minute_bars\20260424\078350.csv
2026-04-27,2026-04-28,1,491000,리브스메드,KOSDAQ,66.51,11.31,0.07,1.65,95.8,11.13,10.59,-29.2,0.589,skipped_existing,381,20260428,,,0.0,0.0,0.0,,0.0,no_signal,0.0,0.0,68300.0,65900.0,0.0,opening_range_too_wide,D:\Users\PC2310\Desktop\multi AI agent\programs\kr_daypilot\data\historical_intraday\minute_bars\20260428\491000.csv
2026-04-29,2026-04-30,1,456160,지투지바이오,KOSDAQ,64.0,7.47,0.0,1.74,91.2,7.88,5.6,-31.53,-0.589,skipped_existing,381,20260430,,,0.0,0.0,0.0,,0.0,no_signal,0.0,0.0,88700.0,83500.0,0.0,opening_range_too_wide,D:\Users\PC2310\Desktop\multi AI agent\programs\kr_daypilot\data\historical_intraday\minute_bars\20260430\456160.csv
2026-05-04,2026-05-06,1,028260,삼성물산,KOSPI,63.91,7.2,-0.07,1.78,90.9,4.92,4.75,-12.09,0.0,skipped_existing,380,20260506,,,0.0,0.0,0.0,,0.0,no_signal,0.0,0.0,354500.0,340000.0,0.0,opening_range_too_wide,D:\Users\PC2310\Desktop\multi AI agent\programs\kr_daypilot\data\historical_intraday\minute_bars\20260506\028260.csv
