ticker,company,result,net_return_pct,signal_hhmm,opening_width_pct,entry_vs_opening_high_pct,signal_close_vs_vwap_pct,volume_ratio,cum_value_bil,pre_signal_low_vs_opening_high_pct,rank,signal_score,day_change_pct,market_median_change_pct,value_ratio_20,close_location_pct,lower_tail_recovery_pct,close_vs_open_pct,distance_from_60d_high_pct,entry_gap_pct
011170,롯데케미칼,target_hit,1.2,932,1.4040561622464809,0.9230769230769154,0.898265053259939,2.243727975595645,2.0665446,-1.3846153846153841,1.0,69.45,6.03,0.0,1.82,98.1,8.86,6.2,-6.47,-0.922
009830,한화솔루션,target_hit,1.2,924,1.726618705035965,-0.14144271570014633,0.9378991852207808,1.9375309368534623,26.6415341,-1.980198019801982,2.0,62.42,6.14,0.0,1.88,90.2,5.51,2.31,-13.01,-0.987
373220,LG에너지솔루션,stop_loss,-1.5,911,1.5847860538827252,-0.15600624024960652,0.33478010544698567,1.7263183693476574,9.0225785,-1.5600624024960985,2.0,67.29,4.26,0.43,2.02,100.0,3.58,2.75,-9.92,-0.629
018290,브이티,stop_loss,-1.5,944,1.7543859649122862,0.2652519893899141,0.39827684317625955,1.6954594098761657,4.1737829,-1.7241379310344862,1.0,67.09,8.7,0.0,1.57,98.4,8.85,8.7,-17.67,-1.2
035900,JYP Ent.,stop_loss,-1.5,936,2.6420079260237816,-0.38610038610038533,0.9214773082223626,6.030259617736468,7.8637758,-2.8314028314028294,2.0,65.36,4.11,0.2,1.58,100.0,4.11,3.26,-7.32,0.0
001040,CJ,target_hit,1.2,945,3.2459425717852763,-0.9068923821039854,0.31918155868135845,4.5971867007672635,5.8945937,-3.1438935912938337,1.0,66.39,6.83,-0.08,2.07,90.4,6.62,6.28,-6.33,-0.302
018290,브이티,time_exit,-0.983,936,1.1612903225806548,0.0,0.37712105399354545,3.0365799911855444,2.65395785,-1.1479591836734748,2.0,64.79,5.38,0.0,1.8,91.5,5.81,5.81,-14.05,-0.383
005940,NH투자증권,time_exit,-0.342,940,1.3569937369519725,-0.1544799176107059,0.021612113853852755,2.3061296351472143,2.08508895,-1.3388259526261548,1.0,49.61,1.43,0.0,1.74,95.8,2.47,0.58,-18.64,0.0
034230,파라다이스,stop_loss,-1.5,911,2.163461538461542,-0.23529411764705577,0.8514889777064605,1.9229052338438855,2.41194875,-2.117647058823524,1.0,68.42,8.37,0.14,1.94,93.8,7.65,7.65,-6.64,0.711
096770,SK이노베이션,time_exit,-0.977,922,1.0436432637571214,-0.3755868544600971,0.1659491185833195,2.013504225124328,3.6643596,-1.0328638497652531,2.0,66.43,4.93,0.39,2.14,100.0,3.2,2.8,-16.87,-0.846
071050,한국금융지주,target_hit,1.2,916,2.6912181303116123,-0.4137931034482789,0.5600842413885365,2.5249915323946386,6.8791456,-2.6206896551724146,1.0,70.76,6.79,0.34,2.05,94.1,5.99,5.44,-13.72,0.0
062040,산일전기,stop_loss,-1.5,918,2.145922746781115,0.1680672268907557,0.9759389657955753,2.2562375925909732,15.1942705,-2.1008403361344574,1.0,68.79,4.0,0.0,2.4,93.2,4.93,1.91,-11.15,0.512
101490,에스앤에스텍,stop_loss,-1.5,932,2.452830188679256,-0.18416206261510082,0.9318259420075581,1.673852123302436,2.0135506,-2.3941068139963217,1.0,65.4,7.57,0.0,1.77,92.9,7.78,5.06,-6.41,0.37
204620,글로벌텍스프리,target_hit,1.2,932,2.110389610389607,-0.31796502384737746,0.8414751523528663,4.1456839212665635,2.526073125,-2.5437201907790197,1.0,62.75,7.3,-0.63,1.83,92.6,8.59,7.3,-19.28,-0.949
071970,HD현대마린엔진,stop_loss,-1.5,928,2.807017543859658,-0.6825938566552892,0.6028170428677759,3.383301162265391,4.2736718,-2.7303754266211566,2.0,62.6,6.63,0.0,1.52,92.3,7.28,5.87,-8.11,-0.679
062040,산일전기,stop_loss,-1.5,930,2.1079258010118007,0.3303055326176807,1.5501131906494825,2.039255671679837,22.8088209,-2.064409578860449,1.0,74.81,11.1,1.14,1.88,96.8,11.0,9.1,-8.12,-0.083
015760,한국전력,stop_loss,-1.5,912,1.2594458438287104,-0.24875621890547706,0.35710387749807726,1.6096998837163725,17.3461206,-1.243781094527363,2.0,74.25,4.38,1.14,2.15,91.8,6.06,5.35,-7.3,0.0
025980,아난티,time_exit,0.11,939,1.848049281314168,-0.6048387096774244,0.7054318312789132,2.321971178434971,4.23989524,-2.4193548387096753,1.0,56.87,6.63,0.25,2.33,91.2,3.26,0.2,-10.41,-0.612
000880,한화,target_hit,1.2,936,2.5974025974025983,-0.9493670886076,0.9074534016445979,1.5707783872097096,8.1942562,-3.3755274261603407,1.0,75.62,5.84,0.6,2.1,98.7,8.59,4.68,-6.06,-2.081
196170,알테오젠,stop_loss,-1.5,934,1.8947368421052602,-0.4132231404958664,0.2313496928957104,1.5267821269216943,51.90413575,-1.8595041322314043,2.0,68.42,8.41,0.0,2.05,93.1,9.14,7.92,-8.6,0.103
004800,효성,target_hit,1.2,937,3.4259857789269654,-0.187499999999996,2.2832554029391217,6.278882487765595,9.7270141,-4.3124999999999964,1.0,70.52,8.81,1.95,1.54,92.6,8.41,8.33,-11.54,0.0
466100,클로봇,stop_loss,-1.5,919,2.4618991793669442,0.6864988558352492,1.5753464773639259,1.5007514769125458,22.01846405,-2.4027459954233388,2.0,66.02,4.98,0.32,1.85,92.5,6.0,2.73,-12.71,0.116
066970,엘앤에프,stop_loss,-1.5,924,2.377179080824088,-0.696594427244579,0.7563253972565409,1.7071693358854456,8.057911,-2.5541795665634637,1.0,61.06,-1.7,0.59,2.3,97.3,2.92,0.4,-14.83,0.0
005385,현대차우,target_hit,1.2,923,2.4610748367654534,-0.9803921568627416,0.2946529770294637,1.6631176631176632,5.4628595,-2.401960784313728,1.0,51.32,3.15,-0.45,1.97,91.5,2.77,2.09,-9.3,-0.05
005387,현대차2우B,target_hit,1.2,924,1.975308641975304,-0.4842615012106588,0.3220495146026847,2.7641496505413183,4.6375945,-1.937046004842613,2.0,46.85,3.1,-0.45,1.55,91.7,2.78,1.86,-10.38,-0.246
086280,현대글로비스,time_exit,-0.655,924,1.5590200445434244,-0.43859649122807154,0.5116076321596497,5.1080550098231825,3.7184405,-1.5350877192982448,2.0,54.37,1.0,0.33,2.19,92.5,2.76,0.27,-6.31,-0.821
100090,SK오션플랜트,target_hit,1.2,914,2.3243801652892637,0.8581524482584646,2.257271735098776,3.1355644053191734,3.08360641,-2.5744573447753605,1.0,78.13,6.69,0.74,2.3,98.3,6.23,5.5,-36.7,-0.702
041510,에스엠,target_hit,1.2,923,2.0779220779220786,0.2544529262086481,1.046124722652464,3.1820185103569854,2.0790975,-2.035623409669207,1.0,70.66,5.82,0.0,2.45,90.4,5.91,4.97,-22.75,-0.254
035900,JYP Ent.,stop_loss,-1.5,927,1.6475644699140313,-0.21141649048626032,0.6209802122549624,1.6799826077504212,4.8876819,-1.7618040873854879,2.0,68.37,4.12,0.0,2.46,93.1,3.96,3.51,-20.0,-0.282
009540,HD한국조선해양,target_hit,1.2,935,2.771362586605086,-0.44943820224718767,0.7188826831492579,1.6456745111037454,17.9782985,-2.696629213483148,1.0,78.83,5.3,0.27,2.5,100.0,5.8,4.81,-9.61,-0.447
047050,포스코인터내셔널,stop_loss,-1.5,911,3.2315978456014305,0.8695652173912993,1.566718667621414,2.9580711870712197,13.246324,-3.130434782608693,1.0,71.86,2.6,0.33,2.2,93.5,5.54,3.76,-12.24,0.0
001430,세아베스틸지주,stop_loss,-1.5,912,2.9090909090909056,-0.5889281507656108,0.5167192900419781,5.555555555555555,3.8539805,-2.8268551236749095,2.0,56.36,4.36,-1.16,1.57,91.0,16.88,12.18,-9.41,0.0
021240,코웨이,stop_loss,-1.5,926,2.7491408934707806,-0.8918617614269819,0.8497155209739704,1.7522911757004451,2.6233971,-2.7870680044593144,1.0,61.83,1.97,0.7,1.53,94.9,4.39,1.5,-5.08,0.0
041190,우리기술투자,target_hit,1.2,934,3.1980319803198043,-0.47675804529201393,1.3949888578989267,2.8048542980256594,3.795992805,-3.0989272943980906,2.0,69.75,5.32,0.8,1.7,95.0,4.79,3.35,-11.49,0.601
079550,LIG넥스원,target_hit,1.2,943,2.783300198807148,-0.9671179883945835,0.7761989114037471,4.820659971305596,22.093937,-2.7079303675048405,2.0,65.4,6.44,0.0,1.94,90.2,7.64,5.25,-9.86,-0.768
090430,아모레퍼시픽,target_hit,1.2,926,1.0144927536231974,-0.5021520803443313,0.1070461275857193,1.8534048976853403,2.6043814,-1.0043041606886627,2.0,64.01,6.18,0.0,1.58,93.5,8.65,7.44,-14.56,-4.017
096770,SK이노베이션,time_exit,-0.205,911,1.7557861133280062,-0.7058823529411784,0.15208767206560392,1.9303191964950972,4.984055,-1.7254901960784275,2.0,61.61,4.03,0.8,1.51,90.7,4.03,4.03,-10.47,0.395
005490,POSCO홀딩스,time_exit,-1.238,942,1.6883116883116944,0.12771392081736277,0.31125889606067325,3.576846496634114,59.683403,-1.6602809706257937,1.0,52.05,4.05,0.0,2.0,90.5,2.53,2.12,-9.94,0.39
044490,태웅,target_hit,1.2,926,2.9296875,-0.5692599620493399,1.625435759586713,5.7370517928286855,3.134619,-2.8462998102466774,1.0,70.73,12.77,-0.53,2.09,100.0,9.73,6.64,-9.86,-0.566
078350,한양디지텍,target_hit,1.2,943,2.547770700636942,0.6211180124223503,2.629256788573331,3.023939521209576,2.918925425,-3.7267080745341574,2.0,68.25,10.96,-0.53,2.45,90.8,11.92,8.0,-8.73,-2.006
241560,두산밥캣,time_exit,-0.6,927,1.3531799729364025,-0.8010680907877155,0.19307493999960457,1.83171371278729,2.9161238,-1.3351134846461998,2.0,58.97,-2.61,0.07,1.67,95.0,5.37,-0.13,-6.52,-0.671
039030,이오테크닉스,stop_loss,-1.5,917,3.010752688172036,-0.7306889352818424,0.5485772680103418,1.73788223812622,6.407572,-2.9227557411273475,1.0,58.21,0.84,-1.48,1.65,100.0,13.11,1.81,-9.11,0.0
086520,에코프로,stop_loss,-1.5,914,1.6981132075471805,0.9894867037724131,1.5477760349818848,2.476282893309508,47.9739764,-1.6697588126159513,2.0,54.01,4.49,-1.48,1.55,93.2,4.43,3.37,-14.32,-0.676
