ticker,company,market,market_cap,source_bas_dt
005930,삼성전자,KOSPI,1610649756504000.0,20260519
000660,SK하이닉스,KOSPI,1243665626925000.0,20260519
005935,삼성전자우,KOSPI,145068713502400.0,20260519
402340,SK스퀘어,KOSPI,134597553720000.0,20260519
005380,현대차,KOSPI,123673690664000.0,20260519
373220,LG에너지솔루션,KOSPI,93600000000000.0,20260519
009150,삼성전기,KOSPI,73722677952000.0,20260519
034020,두산에너빌리티,KOSPI,67899481476000.0,20260519
012450,한화에어로스페이스,KOSPI,66310533686000.0,20260519
329180,HD현대중공업,KOSPI,62766812550000.0,20260519
032830,삼성생명,KOSPI,62400000000000.0,20260519
207940,삼성바이오로직스,KOSPI,62307620046000.0,20260519
028260,삼성물산,KOSPI,61705297270500.0,20260519
000270,기아,KOSPI,60474973390200.0,20260519
105560,KB금융,KOSPI,56971549524000.0,20260519
012330,현대모비스,KOSPI,47634606075000.0,20260519
006400,삼성SDI,KOSPI,47303706110000.0,20260519
055550,신한지주,KOSPI,44570044497900.0,20260519
068270,셀트리온,KOSPI,40503732632500.0,20260519
267260,HD현대일렉트릭,KOSPI,39471612825000.0,20260519
034730,SK,KOSPI,37628902857000.0,20260519
006800,미래에셋증권,KOSPI,37155240832000.0,20260519
010120,LS ELECTRIC,KOSPI,36525000000000.0,20260519
005490,POSCO홀딩스,KOSPI,34905892643500.0,20260519
042660,한화오션,KOSPI,34287658788600.0,20260519
298040,효성중공업,KOSPI,33381881840000.0,20260519
086790,하나금융지주,KOSPI,31634601344400.0,20260519
066570,LG전자,KOSPI,31225320387900.0,20260519
035420,NAVER,KOSPI,31072507587800.0,20260519
010130,고려아연,KOSPI,28679459406000.0,20260519
009540,HD한국조선해양,KOSPI,28309246400000.0,20260519
042700,한미반도체,KOSPI,27449913600000.0,20260519
015760,한국전력,KOSPI,25132893614550.0,20260519
010140,삼성중공업,KOSPI,25124000000000.0,20260519
051910,LG화학,KOSPI,24742616221500.0,20260519
000810,삼성화재,KOSPI,24600757623000.0,20260519
316140,우리금융지주,KOSPI,22242512496000.0,20260519
064350,현대로템,KOSPI,21348232510800.0,20260519
017670,SK텔레콤,KOSPI,20984988178100.0,20260519
267250,HD현대,KOSPI,20933167525000.0,20260519
033780,KT&G,KOSPI,20320701494000.0,20260519
096770,SK이노베이션,KOSPI,20218713444800.0,20260519
003670,포스코퓨처엠,KOSPI,19923953280000.0,20260519
272210,한화시스템,KOSPI,19666508394900.0,20260519
196170,알테오젠,KOSDAQ,19620153459500.0,20260519
079550,LIG디펜스앤에어로스페이스,KOSPI,18964000000000.0,20260519
011070,LG이노텍,KOSPI,18768015851000.0,20260519
011200,HMM,KOSPI,18694976565400.0,20260519
035720,카카오,KOSPI,18428841392000.0,20260519
247540,에코프로비엠,KOSDAQ,17844271161600.0,20260519
006260,LS,KOSPI,16879200000000.0,20260519
086520,에코프로,KOSDAQ,16510380083200.0,20260519
024110,기업은행,KOSPI,16426972901400.0,20260519
003550,LG,KOSPI,16239532900500.0,20260519
086280,현대글로비스,KOSPI,16050000000000.0,20260519
047810,한국항공우주,KOSPI,15771472312600.0,20260519
278470,에이피알,KOSPI,14881666612500.0,20260519
307950,현대오토에버,KOSPI,14699254352000.0,20260519
030200,KT,KOSPI,14163618697000.0,20260519
018260,삼성에스디에스,KOSPI,13231603800000.0,20260519
259960,크래프톤,KOSPI,13084695216000.0,20260519
071050,한국금융지주,KOSPI,13039882128000.0,20260519
277810,레인보우로보틱스,KOSDAQ,12920305428000.0,20260519
047050,포스코인터내셔널,KOSPI,12420148832800.0,20260519
010950,S-Oil,KOSPI,12395365399200.0,20260519
047040,대우건설,KOSPI,11115051607900.0,20260519
005940,NH투자증권,KOSPI,11064492657450.0,20260519
005830,DB손해보험,KOSPI,10748607270900.0,20260519
323410,카카오뱅크,KOSPI,10592073701400.0,20260519
003230,삼양식품,KOSPI,10478423865000.0,20260519
016360,삼성증권,KOSPI,10224850000000.0,20260519
352820,하이브,KOSPI,10172130764000.0,20260519
001440,대한전선,KOSPI,9918996360000.0,20260519
039490,키움증권,KOSPI,9901189290000.0,20260519
443060,HD현대마린솔루션,KOSPI,9773694280000.0,20260519
028050,삼성E&A,KOSPI,9653000000000.0,20260519
003490,대한항공,KOSPI,9500093053800.0,20260519
007660,이수페타시스,KOSPI,8875174577100.0,20260519
005387,현대차2우B,KOSPI,8793428395000.0,20260519
000250,삼천당제약,KOSDAQ,8573706016000.0,20260519
036930,주성엔지니어링,KOSDAQ,8222510304900.0,20260519
267270,HD건설기계,KOSPI,7743022645200.0,20260519
062040,산일전기,KOSPI,7516191175000.0,20260519
161390,한국타이어앤테크놀로지,KOSPI,7482054167600.0,20260519
180640,한진칼,KOSPI,7450670336400.0,20260519
058470,리노공업,KOSDAQ,7323958785000.0,20260519
326030,SK바이오팜,KOSPI,7283132250000.0,20260519
064400,LG씨엔에스,KOSPI,7247068910400.0,20260519
009830,한화솔루션,KOSPI,7099161736800.0,20260519
078930,GS,KOSPI,7015111039000.0,20260519
090430,아모레퍼시픽,KOSPI,7013281804100.0,20260519
032640,LG유플러스,KOSPI,6688129203800.0,20260519
353200,대덕전자,KOSPI,6636693027500.0,20260519
028300,HLB,KOSDAQ,6591507169500.0,20260519
454910,두산로보틱스,KOSPI,6488479998000.0,20260519
021240,코웨이,KOSPI,6446912508600.0,20260519
241560,두산밥캣,KOSPI,6441527568000.0,20260519
000500,가온전선,KOSPI,6418728620000.0,20260519
377300,카카오페이,KOSPI,6390343590750.0,20260519
034220,LG디스플레이,KOSPI,6355000000000.0,20260519
066970,엘앤에프,KOSPI,6337431071000.0,20260519
298380,에이비엘바이오,KOSDAQ,6270595856000.0,20260519
005385,현대차우,KOSPI,5811899040000.0,20260519
087010,펩트론,KOSDAQ,5724409425000.0,20260519
039030,이오테크닉스,KOSDAQ,5722430975000.0,20260519
036570,NC,KOSPI,5709165830000.0,20260519
029780,삼성카드,KOSPI,5694464492650.0,20260519
128940,한미약품,KOSPI,5630430544500.0,20260519
141080,리가켐바이오,KOSDAQ,5564018525400.0,20260519
240810,원익IPS,KOSDAQ,5546480813000.0,20260519
082740,한화엔진,KOSPI,5532545514600.0,20260519
010060,OCI홀딩스,KOSPI,5498383324000.0,20260519
271560,오리온,KOSPI,5440171763200.0,20260519
440110,파두,KOSDAQ,5405447633300.0,20260519
336260,두산퓨얼셀,KOSPI,5396683022400.0,20260519
138930,BNK금융지주,KOSPI,5356244589580.0,20260519
052690,한전기술,KOSPI,5350800000000.0,20260519
004020,현대제철,KOSPI,5151007301000.0,20260519
001040,CJ,KOSPI,5091386151000.0,20260519
088350,한화생명,KOSPI,5037474000000.0,20260519
103590,일진전기,KOSPI,5006965950000.0,20260519
214370,케어젠,KOSDAQ,4936408500000.0,20260519
011790,SKC,KOSPI,4839568484400.0,20260519
175330,JB금융지주,KOSPI,4828704429600.0,20260519
004170,신세계,KOSPI,4779261586000.0,20260519
022100,포스코DX,KOSPI,4713076599000.0,20260519
018880,한온시스템,KOSPI,4669494611600.0,20260519
310210,보로노이,KOSDAQ,4664950348500.0,20260519
023530,롯데쇼핑,KOSPI,4557318430500.0,20260519
002380,KCC,KOSPI,4438792264500.0,20260519
450080,에코프로머티,KOSPI,4318195744800.0,20260519
095340,ISC,KOSDAQ,4182179543400.0,20260519
178320,서진시스템,KOSDAQ,4155335624200.0,20260519
403870,HPSP,KOSDAQ,4032700000000.0,20260519
108490,로보티즈,KOSDAQ,4016025672000.0,20260519
051900,LG생활건강,KOSPI,3978639340000.0,20260519
111770,영원무역,KOSPI,3824079688400.0,20260519
222800,심텍,KOSDAQ,3685676916600.0,20260519
319400,현대무벡스,KOSDAQ,3669840485050.0,20260519
012510,더존비즈온,KOSPI,3653457364000.0,20260519
251270,넷마블,KOSPI,3524295953000.0,20260519
036460,한국가스공사,KOSPI,3517125300000.0,20260519
014680,한솔케미칼,KOSPI,3507705157500.0,20260519
011170,롯데케미칼,KOSPI,3507584358000.0,20260519
011780,금호석유화학,KOSPI,3461647920000.0,20260519
489790,한화비전,KOSPI,3402917486000.0,20260519
004800,효성,KOSPI,3398302621000.0,20260519
035250,강원랜드,KOSPI,3367423470000.0,20260519
031210,서울보증보험,KOSPI,3358418863800.0,20260519
010170,대한광통신,KOSDAQ,3350715973000.0,20260519
001450,현대해상,KOSPI,3311894512500.0,20260519
145020,휴젤,KOSDAQ,3266720761500.0,20260519
017800,현대엘리베이터,KOSPI,3252486432000.0,20260519
097950,CJ제일제당,KOSPI,3251704176000.0,20260519
028670,팬오션,KOSPI,3234145547600.0,20260519
100790,미래에셋벤처투자,KOSDAQ,3229977747200.0,20260519
302440,SK바이오사이언스,KOSPI,3208873017700.0,20260519
214150,클래시스,KOSDAQ,3180238376250.0,20260519
214450,파마리서치,KOSDAQ,3168842640000.0,20260519
067310,하나마이크론,KOSDAQ,3160373946300.0,20260519
131970,두산테스나,KOSDAQ,3138743451200.0,20260519
357780,솔브레인,KOSDAQ,3119204966000.0,20260519
064760,티씨케이,KOSDAQ,3096698232000.0,20260519
226950,올릭스,KOSDAQ,3069448149600.0,20260519
383220,F&F,KOSPI,3026258925000.0,20260519
263750,펄어비스,KOSDAQ,3019649185000.0,20260519
375500,DL이앤씨,KOSPI,3018102594000.0,20260519
319660,피에스케이,KOSDAQ,3000951570400.0,20260519
005290,동진쎄미켐,KOSDAQ,2961474854400.0,20260519
020150,롯데에너지머티리얼즈,KOSPI,2953412113200.0,20260519
139130,iM금융지주,KOSPI,2944248606390.0,20260519
005850,에스엘,KOSPI,2903032500000.0,20260519
457190,이수스페셜티케미컬,KOSPI,2873814727200.0,20260519
001720,신영증권,KOSPI,2867136000000.0,20260519
032820,우리기술,KOSDAQ,2835065392740.0,20260519
004990,롯데지주,KOSPI,2730787462400.0,20260519
012750,에스원,KOSPI,2709341391400.0,20260519
483650,달바글로벌,KOSPI,2707895720000.0,20260519
007340,DN오토모티브,KOSPI,2694425333250.0,20260519
237690,에스티팜,KOSDAQ,2680529012200.0,20260519
347850,디앤디파마텍,KOSDAQ,2672052967000.0,20260519
009970,영원무역홀딩스,KOSPI,2670149078600.0,20260519
084370,유진테크,KOSDAQ,2633053225800.0,20260519
439260,대한조선,KOSPI,2592820797600.0,20260519
139480,이마트,KOSPI,2582968658400.0,20260519
006360,GS건설,KOSPI,2563165625500.0,20260519
001430,세아베스틸지주,KOSPI,2560555296600.0,20260519
026960,동서,KOSPI,2557305000000.0,20260519
204320,HL만도,KOSPI,2540380192000.0,20260519
071970,HD현대마린엔진,KOSPI,2533935676500.0,20260519
031980,피에스케이홀딩스,KOSDAQ,2512019017500.0,20260519
043260,성호전자,KOSDAQ,2503575651900.0,20260519
218410,RFHIC,KOSDAQ,2493368203800.0,20260519
058610,에스피지,KOSDAQ,2450598280000.0,20260519
229640,LS에코에너지,KOSPI,2440802856300.0,20260519
069960,현대백화점,KOSPI,2423545872300.0,20260519
000155,두산우,KOSPI,2373898428000.0,20260519
098460,고영,KOSDAQ,2372021785250.0,20260519
008930,한미사이언스,KOSPI,2287697347500.0,20260519
008770,호텔신라,KOSPI,2252842145400.0,20260519
140410,메지온,KOSDAQ,2166961507100.0,20260519
112610,씨에스윈드,KOSPI,2163392973900.0,20260519
030530,원익홀딩스,KOSDAQ,1961844717400.0,20260519
017960,한국카본,KOSPI,1895099250000.0,20260519
