experiment_id,strategy_family,status,primary_question,data_tiers_required,next_step,last_run_at,last_run_experiment,last_promotion_state,last_avg_net_return_after_cost_pct,last_paper_filled,last_best_execution_profile
RG1-001,sector_relative_oversold_flow_reversal,needs_more_sample,Does sector-relative oversold plus foreign/institution flow stabilization produce positive D+1 to D+5 expectancy after costs?,"Tier0,Tier1",Build feature set and walk-forward runner,2026-05-15T13:48:01+09:00,D:\Users\PC2310\Desktop\multi AI agent\programs\kr_daypilot\experiments\EXP_20260515_134800_RG1,needs_more_sample,-0.861,92,pullback_limit
RG1-002,momentum_pullback_strong_regime,failed_research,Do medium-term winners in strong market or sector regimes recover after low-volume pullbacks?,Tier0,Build baseline and regime split,2026-05-15T13:48:01+09:00,D:\Users\PC2310\Desktop\multi AI agent\programs\kr_daypilot\experiments\EXP_20260515_134800_RG1,failed_research,-0.549,138,wide_swing
RG1-002A,momentum_pullback_quality_regime,needs_more_sample,Does a stricter quality-regime momentum pullback reduce stop-outs versus RG1-002?,"Tier0,Tier1",Run Research Gate 1.1 comparison,2026-05-15T13:48:01+09:00,D:\Users\PC2310\Desktop\multi AI agent\programs\kr_daypilot\experiments\EXP_20260515_134800_RG1,needs_more_sample,-0.472,47,strength_follow
RG1-002B,momentum_pullback_deep_rebound,needs_more_sample,Can deeper pullbacks inside strong trends work when close-location and flow stabilization confirm recovery?,"Tier0,Tier1",Run Research Gate 1.1 comparison,2026-05-15T13:48:01+09:00,D:\Users\PC2310\Desktop\multi AI agent\programs\kr_daypilot\experiments\EXP_20260515_134800_RG1,needs_more_sample,1.15,4,strength_follow
RG1-002D,momentum_pullback_deep_rebound_broad,needs_more_sample,Does the deep-rebound signal remain directionally better when broadened to a larger sample?,"Tier0,Tier1",Run Research Gate 1.2 comparison,2026-05-15T13:48:01+09:00,D:\Users\PC2310\Desktop\multi AI agent\programs\kr_daypilot\experiments\EXP_20260515_134800_RG1,needs_more_sample,-0.029,35,strength_follow
RG1-002C,momentum_breakout_continuation,needs_more_sample,Do strong momentum continuation candidates outperform pullback candidates in supportive regimes?,Tier0,Run Research Gate 1.1 comparison,2026-05-15T13:48:01+09:00,D:\Users\PC2310\Desktop\multi AI agent\programs\kr_daypilot\experiments\EXP_20260515_134800_RG1,needs_more_sample,-0.186,98,wide_swing
RG1-003,event_overreaction_hard_gate,failed_research,Which event types should be traded as overreaction and which should be hard-blocked?,"Tier0,Tier1,Tier2 optional",Clean event taxonomy and timestamp rules,2026-05-15T13:48:01+09:00,D:\Users\PC2310\Desktop\multi AI agent\programs\kr_daypilot\experiments\EXP_20260515_134800_RG1,failed_research,-0.532,153,wide_swing
RG1-004,sector_pair_residual_mean_reversion,needs_more_sample,Does residual weakness versus sector or peer group mean-revert after market and sector effects are removed?,"Tier0,Tier2 optional",Define sector/peer universe and residual model,2026-05-15T13:48:01+09:00,D:\Users\PC2310\Desktop\multi AI agent\programs\kr_daypilot\experiments\EXP_20260515_134800_RG1,needs_more_sample,-0.853,83,pullback_limit
RG1-005,orderflow_execution_timing,data_unavailable,"Do orderbook imbalance, trade strength, and VWAP context improve fill quality and reduce stop-outs?","Tier1,Tier2 optional",Collect timestamped KIS/Koscom execution context,2026-05-15T13:48:01+09:00,D:\Users\PC2310\Desktop\multi AI agent\programs\kr_daypilot\experiments\EXP_20260515_134800_RG1,data_unavailable,0.0,0,pullback_limit
